,category,object,target_position,distractor_1_position,distractor_2_position,distractor_3_position,target_image_file_name,distractor_1_image_file_name,distractor_2_image_file_name,distractor_3_image_file_name,embedding_target,embedding_1,embedding_2,embedding_3,embeddings,distractor_image_files,str_numbers_to_select,distances,quantiles,jump_locations,jump_bounds,selected_distractors,percent_lower_te,percent_higher_te,target_new_name,distractor_1_new_names,distractor_2_new_names,distractor_3_new_names
0,landscape_element,tropical_karst,0,2,4,7,LAN-TRP-01.png,LAN-TRP-00.png,LAN-TRP-03.png,LAN-TRP-07.png,1.0,0.9257,0.44155,0.03915,"[1.0, 1.0, 0.979, 0.7658, 0.7101, 0.173, 0.1566, 0.0, 0.0, 0.0]","['LAN-TRP-01.png', 'LAN-TRP-02.png', 'LAN-TRP-00.png', 'LAN-TRP-09.png', 'LAN-TRP-03.png', 'LAN-TRP-08.png', 'LAN-TRP-04.png', 'LAN-TRP-07.png', 'LAN-TRP-05.png', 'LAN-TRP-06.png']","['01', '02', '00', '09', '03', '08', '04', '07', '05', '06']","[0.0, 0.02100000000000002, 0.21319999999999995, 0.05570000000000008, 0.5370999999999999, 0.016399999999999998, 0.1566, 0.0, 0.0]","[25, 50, 75]",['between 4 and 5'],"[(4, 5)]",['LAN-TRP-01.png' 'LAN-TRP-00.png' 'LAN-TRP-03.png' 'LAN-TRP-07.png'],0.0,100.0,LAN-TRP-T00.png,LAN-TRP-D01.png,LAN-TRP-D02.png,LAN-TRP-D03.png
1,item,sofa,0,1,5,7,ITE-SOF-03.png,ITE-SOF-02.png,ITE-SOF-05.png,ITE-SOF-07.png,1.0,0.98505,0.70715,0.303375,"[1.0, 0.9855, 0.9855, 0.9837, 0.7241, 0.6902, 0.6555, 0.186, 0.1556, 0.0]","['ITE-SOF-03.png', 'ITE-SOF-02.png', 'ITE-SOF-00.png', 'ITE-SOF-01.png', 'ITE-SOF-04.png', 'ITE-SOF-05.png', 'ITE-SOF-06.png', 'ITE-SOF-07.png', 'ITE-SOF-08.png', 'ITE-SOF-09.png']","['03', '02', '00', '01', '04', '05', '06', '07', '08', '09']","[0.014499999999999957, 0.0, 0.0018000000000000238, 0.25960000000000005, 0.03389999999999993, 0.034700000000000064, 0.4695, 0.03040000000000001, 0.1556]","[25, 50, 75]",['between 6 and 7'],"[(6, 7)]",['ITE-SOF-03.png' 'ITE-SOF-02.png' 'ITE-SOF-05.png' 'ITE-SOF-07.png'],0.9345794392523363,99.06542056074767,ITE-SOF-T00.png,ITE-SOF-D01.png,ITE-SOF-D02.png,ITE-SOF-D03.png
2,vehicle,passenger_train,0,2,4,7,VEH-PAS-00.png,VEH-PAS-02.png,VEH-PAS-04.png,VEH-PAS-09.png,1.0,0.8988750000000001,0.4707,0.1903,"[1.0, 0.9709, 0.9332, 0.7959, 0.5206, 0.4208, 0.2479, 0.1711, 0.1331, 0.0]","['VEH-PAS-00.png', 'VEH-PAS-01.png', 'VEH-PAS-02.png', 'VEH-PAS-03.png', 'VEH-PAS-04.png', 'VEH-PAS-05.png', 'VEH-PAS-06.png', 'VEH-PAS-09.png', 'VEH-PAS-08.png', 'VEH-PAS-07.png']","['00', '01', '02', '03', '04', '05', '06', '09', '08', '07']","[0.029100000000000015, 0.037699999999999956, 0.13729999999999998, 0.2753000000000001, 0.09979999999999994, 0.1729, 0.07680000000000001, 0.038000000000000006, 0.1331]","[25, 50, 75]",[],[],['VEH-PAS-00.png' 'VEH-PAS-02.png' 'VEH-PAS-04.png' 'VEH-PAS-09.png'],1.8691588785046727,98.13084112149532,VEH-PAS-T00.png,VEH-PAS-D01.png,VEH-PAS-D02.png,VEH-PAS-D03.png
3,vehicle,scooter,0,2,5,7,VEH-SCO-00.png,VEH-SCO-02.png,VEH-SCO-05.png,VEH-SCO-07.png,1.0,0.8041499999999999,0.7081,0.46817499999999995,"[1.0, 0.8617, 0.835, 0.7116, 0.7116, 0.7046, 0.5035, 0.4564, 0.0856, 0.0]","['VEH-SCO-00.png', 'VEH-SCO-01.png', 'VEH-SCO-02.png', 'VEH-SCO-03.png', 'VEH-SCO-04.png', 'VEH-SCO-05.png', 'VEH-SCO-06.png', 'VEH-SCO-07.png', 'VEH-SCO-09.png', 'VEH-SCO-08.png']","['00', '01', '02', '03', '04', '05', '06', '07', '09', '08']","[0.13829999999999998, 0.026700000000000057, 0.12339999999999995, 0.0, 0.007000000000000006, 0.20110000000000006, 0.047099999999999975, 0.37079999999999996, 0.0856]","[25, 50, 75]",['between 7 and 8'],"[(7, 8)]",['VEH-SCO-00.png' 'VEH-SCO-02.png' 'VEH-SCO-05.png' 'VEH-SCO-07.png'],2.803738317757009,97.19626168224299,VEH-SCO-T00.png,VEH-SCO-D01.png,VEH-SCO-D02.png,VEH-SCO-D03.png
4,item,lantern,0,2,4,7,ITE-LAN-00.png,ITE-LAN-02.png,ITE-LAN-04.png,ITE-LAN-07.png,1.0,0.874025,0.28785,0.17174999999999999,"[1.0, 0.9123, 0.8806, 0.8543, 0.288, 0.2877, 0.2568, 0.1434, 0.1433, 0.0]","['ITE-LAN-00.png', 'ITE-LAN-01.png', 'ITE-LAN-02.png', 'ITE-LAN-03.png', 'ITE-LAN-04.png', 'ITE-LAN-05.png', 'ITE-LAN-06.png', 'ITE-LAN-07.png', 'ITE-LAN-08.png', 'ITE-LAN-09.png']","['00', '01', '02', '03', '04', '05', '06', '07', '08', '09']","[0.0877, 0.03169999999999995, 0.0263000000000001, 0.5663, 0.00029999999999996696, 0.03090000000000004, 0.11339999999999997, 9.999999999998899e-05, 0.1433]","[25, 50, 75]",['between 3 and 4'],"[(3, 4)]",['ITE-LAN-00.png' 'ITE-LAN-02.png' 'ITE-LAN-04.png' 'ITE-LAN-07.png'],3.7383177570093453,96.26168224299066,ITE-LAN-T00.png,ITE-LAN-D01.png,ITE-LAN-D02.png,ITE-LAN-D03.png
5,item,teapot,0,2,4,7,ITE-TEP-00.png,ITE-TEP-01.png,ITE-TEP-02.png,ITE-TEP-09.png,1.0,0.9585,0.69925,0.132575,"[1.0, 0.9627, 0.9585, 0.9585, 0.9503, 0.4482, 0.3752, 0.0517, 0.021, 0.0]","['ITE-TEP-00.png', 'ITE-TEP-03.png', 'ITE-TEP-01.png', 'ITE-TEP-04.png', 'ITE-TEP-02.png', 'ITE-TEP-05.png', 'ITE-TEP-06.png', 'ITE-TEP-09.png', 'ITE-TEP-08.png', 'ITE-TEP-07.png']","['00', '03', '01', '04', '02', '05', '06', '09', '08', '07']","[0.0373, 0.0041999999999999815, 0.0, 0.008199999999999985, 0.5021, 0.07300000000000001, 0.32349999999999995, 0.0307, 0.021]","[25, 50, 75]","['between 4 and 5', 'between 6 and 7']","[(4, 5), (6, 7)]",['ITE-TEP-00.png' 'ITE-TEP-01.png' 'ITE-TEP-02.png' 'ITE-TEP-09.png'],4.672897196261682,95.32710280373831,ITE-TEP-T00.png,ITE-TEP-D01.png,ITE-TEP-D02.png,ITE-TEP-D03.png
6,plant,cactus,0,1,3,7,PLA-CAC-08.png,PLA-CAC-09.png,PLA-CAC-01.png,PLA-CAC-05.png,1.0,0.3698,0.278,0.132225,"[1.0, 0.9478, 0.3698, 0.3698, 0.3698, 0.1862, 0.186, 0.1143, 0.1143, 0.0]","['PLA-CAC-08.png', 'PLA-CAC-09.png', 'PLA-CAC-02.png', 'PLA-CAC-01.png', 'PLA-CAC-00.png', 'PLA-CAC-03.png', 'PLA-CAC-04.png', 'PLA-CAC-05.png', 'PLA-CAC-06.png', 'PLA-CAC-07.png']","['08', '09', '02', '01', '00', '03', '04', '05', '06', '07']","[0.052200000000000024, 0.578, 0.0, 0.0, 0.1836, 0.00020000000000000573, 0.0717, 0.0, 0.1143]","[25, 50, 75]",['between 1 and 2'],"[(1, 2)]",['PLA-CAC-08.png' 'PLA-CAC-09.png' 'PLA-CAC-01.png' 'PLA-CAC-05.png'],5.607476635514018,94.39252336448598,PLA-CAC-T00.png,PLA-CAC-D01.png,PLA-CAC-D02.png,PLA-CAC-D03.png
7,animal,butterfly,0,2,3,7,ANI-BUT-00.png,ANI-BUT-02.png,ANI-BUT-03.png,ANI-BUT-07.png,1.0,0.885975,0.8225,0.23152499999999998,"[1.0, 1.0, 0.886, 0.8859, 0.8859, 0.7591, 0.3576, 0.1895, 0.0598, 0.0]","['ANI-BUT-00.png', 'ANI-BUT-01.png', 'ANI-BUT-02.png', 'ANI-BUT-03.png', 'ANI-BUT-04.png', 'ANI-BUT-05.png', 'ANI-BUT-06.png', 'ANI-BUT-07.png', 'ANI-BUT-09.png', 'ANI-BUT-08.png']","['00', '01', '02', '03', '04', '05', '06', '07', '09', '08']","[0.0, 0.11399999999999999, 9.999999999998899e-05, 0.0, 0.12680000000000002, 0.4015, 0.16809999999999997, 0.1297, 0.0598]","[25, 50, 75]",['between 5 and 6'],"[(5, 6)]",['ANI-BUT-00.png' 'ANI-BUT-02.png' 'ANI-BUT-03.png' 'ANI-BUT-07.png'],6.5420560747663545,93.45794392523365,ANI-BUT-T00.png,ANI-BUT-D01.png,ANI-BUT-D02.png,ANI-BUT-D03.png
8,item,vase,0,1,5,7,ITE-VAS-00.png,ITE-VAS-01.png,ITE-VAS-05.png,ITE-VAS-06.png,1.0,0.98335,0.8411,0.4424,"[1.0, 0.9882, 0.9882, 0.9688, 0.8498, 0.8324, 0.5015, 0.4227, 0.4213, 0.0]","['ITE-VAS-00.png', 'ITE-VAS-01.png', 'ITE-VAS-02.png', 'ITE-VAS-03.png', 'ITE-VAS-04.png', 'ITE-VAS-05.png', 'ITE-VAS-08.png', 'ITE-VAS-06.png', 'ITE-VAS-07.png', 'ITE-VAS-09.png']","['00', '01', '02', '03', '04', '05', '08', '06', '07', '09']","[0.011800000000000033, 0.0, 0.019399999999999973, 0.119, 0.01739999999999997, 0.3309000000000001, 0.07879999999999993, 0.0014000000000000123, 0.4213]","[25, 50, 75]",['between 5 and 6'],"[(5, 6)]",['ITE-VAS-00.png' 'ITE-VAS-01.png' 'ITE-VAS-05.png' 'ITE-VAS-06.png'],7.476635514018691,92.5233644859813,ITE-VAS-T00.png,ITE-VAS-D01.png,ITE-VAS-D02.png,ITE-VAS-D03.png
9,vehicle,sports_car,0,2,4,7,VEH-SPO-05.png,VEH-SPO-00.png,VEH-SPO-03.png,VEH-SPO-07.png,1.0,0.7097,0.67795,0.09515,"[1.0, 0.7293, 0.7097, 0.7097, 0.6888, 0.6671, 0.104, 0.0922, 0.0536, 0.0]","['VEH-SPO-05.png', 'VEH-SPO-02.png', 'VEH-SPO-00.png', 'VEH-SPO-01.png', 'VEH-SPO-03.png', 'VEH-SPO-04.png', 'VEH-SPO-06.png', 'VEH-SPO-07.png', 'VEH-SPO-08.png', 'VEH-SPO-09.png']","['05', '02', '00', '01', '03', '04', '06', '07', '08', '09']","[0.27070000000000005, 0.01959999999999995, 0.0, 0.02090000000000003, 0.02169999999999994, 0.5631, 0.011799999999999991, 0.0386, 0.0536]","[25, 50, 75]",['between 5 and 6'],"[(5, 6)]",['VEH-SPO-05.png' 'VEH-SPO-00.png' 'VEH-SPO-03.png' 'VEH-SPO-07.png'],8.411214953271028,91.58878504672897,VEH-SPO-T00.png,VEH-SPO-D01.png,VEH-SPO-D02.png,VEH-SPO-D03.png
10,animal,tortoise,0,1,4,7,ANI-TOR-00.png,ANI-TOR-01.png,ANI-TOR-04.png,ANI-TOR-06.png,1.0,0.978175,0.7313000000000001,0.111225,"[1.0, 1.0, 1.0, 0.9127, 0.8918, 0.5708, 0.1524, 0.0975, 0.069, 0.0]","['ANI-TOR-00.png', 'ANI-TOR-01.png', 'ANI-TOR-02.png', 'ANI-TOR-03.png', 'ANI-TOR-04.png', 'ANI-TOR-05.png', 'ANI-TOR-09.png', 'ANI-TOR-06.png', 'ANI-TOR-08.png', 'ANI-TOR-07.png']","['00', '01', '02', '03', '04', '05', '09', '06', '08', '07']","[0.0, 0.0, 0.08730000000000004, 0.02089999999999992, 0.32100000000000006, 0.4184, 0.054900000000000004, 0.028499999999999998, 0.069]","[25, 50, 75]","['between 4 and 5', 'between 5 and 6']","[(4, 5), (5, 6)]",['ANI-TOR-00.png' 'ANI-TOR-01.png' 'ANI-TOR-04.png' 'ANI-TOR-06.png'],9.345794392523365,90.65420560747664,ANI-TOR-T00.png,ANI-TOR-D01.png,ANI-TOR-D02.png,ANI-TOR-D03.png
11,vehicle,space_rocket,0,2,3,7,VEH-SPA-04.png,VEH-SPA-05.png,VEH-SPA-02.png,VEH-SPA-07.png,1.0,0.94835,0.8795,0.460375,"[1.0, 1.0, 0.9713, 0.8795, 0.8795, 0.8795, 0.4624, 0.4597, 0.0917, 0.0]","['VEH-SPA-04.png', 'VEH-SPA-03.png', 'VEH-SPA-05.png', 'VEH-SPA-02.png', 'VEH-SPA-01.png', 'VEH-SPA-00.png', 'VEH-SPA-06.png', 'VEH-SPA-07.png', 'VEH-SPA-08.png', 'VEH-SPA-09.png']","['04', '03', '05', '02', '01', '00', '06', '07', '08', '09']","[0.0, 0.028699999999999948, 0.0918000000000001, 0.0, 0.0, 0.41709999999999997, 0.00269999999999998, 0.368, 0.0917]","[25, 50, 75]","['between 5 and 6', 'between 7 and 8']","[(5, 6), (7, 8)]",['VEH-SPA-04.png' 'VEH-SPA-05.png' 'VEH-SPA-02.png' 'VEH-SPA-07.png'],10.2803738317757,89.7196261682243,VEH-SPA-T00.png,VEH-SPA-D01.png,VEH-SPA-D02.png,VEH-SPA-D03.png
12,animal,dog,0,2,3,7,ANI-DOG-04.png,ANI-DOG-03.png,ANI-DOG-01.png,ANI-DOG-07.png,1.0,0.973075,0.9194,0.40090000000000003,"[1.0, 0.9849, 0.9845, 0.9388, 0.9388, 0.9, 0.5005, 0.3677, 0.3292, 0.0]","['ANI-DOG-04.png', 'ANI-DOG-02.png', 'ANI-DOG-03.png', 'ANI-DOG-01.png', 'ANI-DOG-00.png', 'ANI-DOG-05.png', 'ANI-DOG-06.png', 'ANI-DOG-07.png', 'ANI-DOG-08.png', 'ANI-DOG-09.png']","['04', '02', '03', '01', '00', '05', '06', '07', '08', '09']","[0.015100000000000002, 0.00039999999999995595, 0.045700000000000074, 0.0, 0.038799999999999946, 0.3995000000000001, 0.13279999999999992, 0.038500000000000034, 0.3292]","[25, 50, 75]",['between 5 and 6'],"[(5, 6)]",['ANI-DOG-04.png' 'ANI-DOG-03.png' 'ANI-DOG-01.png' 'ANI-DOG-07.png'],11.214953271028037,88.78504672897196,ANI-DOG-T00.png,ANI-DOG-D01.png,ANI-DOG-D02.png,ANI-DOG-D03.png
13,animal,horse,0,1,4,6,ANI-HOR-00.png,ANI-HOR-02.png,ANI-HOR-03.png,ANI-HOR-05.png,1.0,0.95235,0.5481,0.4561,"[1.0, 1.0, 1.0, 0.8094, 0.6274, 0.4688, 0.4561, 0.4561, 0.058, 0.0]","['ANI-HOR-00.png', 'ANI-HOR-02.png', 'ANI-HOR-01.png', 'ANI-HOR-09.png', 'ANI-HOR-03.png', 'ANI-HOR-08.png', 'ANI-HOR-05.png', 'ANI-HOR-04.png', 'ANI-HOR-07.png', 'ANI-HOR-06.png']","['00', '02', '01', '09', '03', '08', '05', '04', '07', '06']","[0.0, 0.0, 0.1906, 0.18200000000000005, 0.15859999999999996, 0.012699999999999989, 0.0, 0.3981, 0.058]","[25, 50, 75]",['between 7 and 8'],"[(7, 8)]",['ANI-HOR-00.png' 'ANI-HOR-02.png' 'ANI-HOR-03.png' 'ANI-HOR-05.png'],12.149532710280374,87.85046728971963,ANI-HOR-T00.png,ANI-HOR-D01.png,ANI-HOR-D02.png,ANI-HOR-D03.png
14,vehicle,hot_air_balloon,0,2,4,7,VEH-HOT-01.png,VEH-HOT-02.png,VEH-HOT-04.png,VEH-HOT-07.png,1.0,0.67715,0.4524,0.21762499999999999,"[1.0, 0.8396, 0.7158, 0.5612, 0.4945, 0.4103, 0.2723, 0.1994, 0.1447, 0.0]","['VEH-HOT-01.png', 'VEH-HOT-00.png', 'VEH-HOT-02.png', 'VEH-HOT-03.png', 'VEH-HOT-04.png', 'VEH-HOT-05.png', 'VEH-HOT-06.png', 'VEH-HOT-07.png', 'VEH-HOT-08.png', 'VEH-HOT-09.png']","['01', '00', '02', '03', '04', '05', '06', '07', '08', '09']","[0.1604, 0.12380000000000002, 0.15459999999999996, 0.06670000000000004, 0.0842, 0.138, 0.07289999999999999, 0.0547, 0.1447]","[25, 50, 75]",[],[],['VEH-HOT-01.png' 'VEH-HOT-02.png' 'VEH-HOT-04.png' 'VEH-HOT-07.png'],13.084112149532709,86.91588785046729,VEH-HOT-T00.png,VEH-HOT-D01.png,VEH-HOT-D02.png,VEH-HOT-D03.png
15,vehicle,steam_locomotive,0,2,4,7,VEH-STE-01.png,VEH-STE-03.png,VEH-STE-04.png,VEH-STE-07.png,1.0,0.8815500000000001,0.7392,0.2152,"[1.0, 0.9996, 0.9054, 0.81, 0.7664, 0.712, 0.3184, 0.1808, 0.1503, 0.0]","['VEH-STE-01.png', 'VEH-STE-02.png', 'VEH-STE-03.png', 'VEH-STE-00.png', 'VEH-STE-04.png', 'VEH-STE-05.png', 'VEH-STE-06.png', 'VEH-STE-07.png', 'VEH-STE-08.png', 'VEH-STE-09.png']","['01', '02', '03', '00', '04', '05', '06', '07', '08', '09']","[0.00039999999999995595, 0.09420000000000006, 0.09539999999999993, 0.04360000000000008, 0.054400000000000004, 0.39359999999999995, 0.13760000000000003, 0.0305, 0.1503]","[25, 50, 75]",['between 5 and 6'],"[(5, 6)]",['VEH-STE-01.png' 'VEH-STE-03.png' 'VEH-STE-04.png' 'VEH-STE-07.png'],14.018691588785046,85.98130841121495,VEH-STE-T00.png,VEH-STE-D01.png,VEH-STE-D02.png,VEH-STE-D03.png
16,building,modern_building,1,3,5,7,BUI-MOD-08.png,BUI-MOD-00.png,BUI-MOD-04.png,BUI-MOD-05.png,0.6957,0.5247,0.2091,0.0605,"[1.0, 0.6957, 0.5387, 0.5247, 0.4804, 0.2091, 0.1725, 0.0605, 0.0, 0.0]","['BUI-MOD-09.png', 'BUI-MOD-08.png', 'BUI-MOD-01.png', 'BUI-MOD-00.png', 'BUI-MOD-02.png', 'BUI-MOD-04.png', 'BUI-MOD-03.png', 'BUI-MOD-05.png', 'BUI-MOD-06.png', 'BUI-MOD-07.png']","['09', '08', '01', '00', '02', '04', '03', '05', '06', '07']","[0.3043, 0.15700000000000003, 0.013999999999999901, 0.04430000000000006, 0.2713, 0.03660000000000002, 0.11199999999999999, 0.0605, 0.0]","[25, 50, 75]",[],[],['BUI-MOD-08.png' 'BUI-MOD-00.png' 'BUI-MOD-04.png' 'BUI-MOD-05.png'],14.953271028037381,85.04672897196261,BUI-MOD-T00.png,BUI-MOD-D01.png,BUI-MOD-D02.png,BUI-MOD-D03.png
17,landscape_element,mountain_rock,0,1,4,7,LAN-MOT-02.png,LAN-MOT-00.png,LAN-MOT-04.png,LAN-MOT-07.png,1.0,0.9902,0.72505,0.506875,"[1.0, 1.0, 1.0, 0.9608, 0.7756, 0.6745, 0.6094, 0.4727, 0.2233, 0.0]","['LAN-MOT-02.png', 'LAN-MOT-00.png', 'LAN-MOT-01.png', 'LAN-MOT-03.png', 'LAN-MOT-04.png', 'LAN-MOT-05.png', 'LAN-MOT-06.png', 'LAN-MOT-07.png', 'LAN-MOT-08.png', 'LAN-MOT-09.png']","['02', '00', '01', '03', '04', '05', '06', '07', '08', '09']","[0.0, 0.0, 0.03920000000000001, 0.18520000000000003, 0.10109999999999997, 0.06509999999999994, 0.13670000000000004, 0.2494, 0.2233]","[25, 50, 75]",[],[],['LAN-MOT-02.png' 'LAN-MOT-00.png' 'LAN-MOT-04.png' 'LAN-MOT-07.png'],15.887850467289718,84.11214953271028,LAN-MOT-T00.png,LAN-MOT-D01.png,LAN-MOT-D02.png,LAN-MOT-D03.png
18,animal,fish,0,2,4,7,ANI-FIS-00.png,ANI-FIS-02.png,ANI-FIS-04.png,ANI-FIS-07.png,1.0,0.8586499999999999,0.6179,0.3676,"[1.0, 0.9285, 0.8634, 0.8444, 0.6683, 0.5675, 0.4642, 0.3354, 0.1578, 0.0]","['ANI-FIS-00.png', 'ANI-FIS-01.png', 'ANI-FIS-02.png', 'ANI-FIS-03.png', 'ANI-FIS-04.png', 'ANI-FIS-05.png', 'ANI-FIS-06.png', 'ANI-FIS-07.png', 'ANI-FIS-08.png', 'ANI-FIS-09.png']","['00', '01', '02', '03', '04', '05', '06', '07', '08', '09']","[0.07150000000000001, 0.06510000000000005, 0.018999999999999906, 0.17610000000000003, 0.1008, 0.1033, 0.12880000000000003, 0.17759999999999998, 0.1578]","[25, 50, 75]",[],[],['ANI-FIS-00.png' 'ANI-FIS-02.png' 'ANI-FIS-04.png' 'ANI-FIS-07.png'],16.822429906542055,83.17757009345794,ANI-FIS-T00.png,ANI-FIS-D01.png,ANI-FIS-D02.png,ANI-FIS-D03.png
19,animal,lizard,0,2,4,7,ANI-LIZ-02.png,ANI-LIZ-00.png,ANI-LIZ-04.png,ANI-LIZ-07.png,1.0,0.9392750000000001,0.7285,0.2153,"[1.0, 0.9848, 0.9472, 0.9155, 0.8917, 0.5653, 0.3365, 0.1749, 0.114, 0.0]","['ANI-LIZ-02.png', 'ANI-LIZ-03.png', 'ANI-LIZ-00.png', 'ANI-LIZ-01.png', 'ANI-LIZ-04.png', 'ANI-LIZ-05.png', 'ANI-LIZ-06.png', 'ANI-LIZ-07.png', 'ANI-LIZ-08.png', 'ANI-LIZ-09.png']","['02', '03', '00', '01', '04', '05', '06', '07', '08', '09']","[0.015199999999999991, 0.03759999999999997, 0.03170000000000006, 0.023799999999999932, 0.3264, 0.2288, 0.16160000000000002, 0.060899999999999996, 0.114]","[25, 50, 75]",['between 4 and 5'],"[(4, 5)]",['ANI-LIZ-02.png' 'ANI-LIZ-00.png' 'ANI-LIZ-04.png' 'ANI-LIZ-07.png'],17.75700934579439,82.2429906542056,ANI-LIZ-T00.png,ANI-LIZ-D01.png,ANI-LIZ-D02.png,ANI-LIZ-D03.png
20,landscape_element,wetland_tufa,0,2,4,7,LAN-WET-02.png,LAN-WET-04.png,LAN-WET-01.png,LAN-WET-08.png,1.0,0.77085,0.7056,0.103025,"[1.0, 1.0, 0.7822, 0.7368, 0.7056, 0.7056, 0.2312, 0.0603, 0.02, 0.0]","['LAN-WET-02.png', 'LAN-WET-03.png', 'LAN-WET-04.png', 'LAN-WET-05.png', 'LAN-WET-01.png', 'LAN-WET-00.png', 'LAN-WET-06.png', 'LAN-WET-08.png', 'LAN-WET-07.png', 'LAN-WET-09.png']","['02', '03', '04', '05', '01', '00', '06', '08', '07', '09']","[0.0, 0.2178, 0.045399999999999996, 0.031200000000000006, 0.0, 0.47440000000000004, 0.1709, 0.0403, 0.02]","[25, 50, 75]",['between 5 and 6'],"[(5, 6)]",['LAN-WET-02.png' 'LAN-WET-04.png' 'LAN-WET-01.png' 'LAN-WET-08.png'],18.69158878504673,81.30841121495327,LAN-WET-T00.png,LAN-WET-D01.png,LAN-WET-D02.png,LAN-WET-D03.png
21,item,lamp_table,0,2,4,7,ITE-LAP-00.png,ITE-LAP-02.png,ITE-LAP-04.png,ITE-LAP-07.png,1.0,0.83875,0.6822,0.523625,"[1.0, 0.9529, 0.8537, 0.7939, 0.6822, 0.6822, 0.6395, 0.485, 0.048, 0.0]","['ITE-LAP-00.png', 'ITE-LAP-01.png', 'ITE-LAP-02.png', 'ITE-LAP-03.png', 'ITE-LAP-04.png', 'ITE-LAP-05.png', 'ITE-LAP-06.png', 'ITE-LAP-07.png', 'ITE-LAP-08.png', 'ITE-LAP-09.png']","['00', '01', '02', '03', '04', '05', '06', '07', '08', '09']","[0.04710000000000003, 0.09919999999999995, 0.059799999999999964, 0.11170000000000002, 0.0, 0.04270000000000007, 0.15449999999999997, 0.437, 0.048]","[25, 50, 75]",['between 7 and 8'],"[(7, 8)]",['ITE-LAP-00.png' 'ITE-LAP-02.png' 'ITE-LAP-04.png' 'ITE-LAP-07.png'],19.626168224299064,80.37383177570094,ITE-LAP-T00.png,ITE-LAP-D01.png,ITE-LAP-D02.png,ITE-LAP-D03.png
22,item,mortar,0,1,2,6,ITE-MOA-04.png,ITE-MOA-01.png,ITE-MOA-03.png,ITE-MOA-06.png,1.0,0.9577,0.8019000000000001,0.643,"[1.0, 0.9577, 0.9577, 0.9577, 0.9577, 0.6461, 0.643, 0.643, 0.5509, 0.0]","['ITE-MOA-04.png', 'ITE-MOA-01.png', 'ITE-MOA-03.png', 'ITE-MOA-02.png', 'ITE-MOA-00.png', 'ITE-MOA-05.png', 'ITE-MOA-06.png', 'ITE-MOA-07.png', 'ITE-MOA-09.png', 'ITE-MOA-08.png']","['04', '01', '03', '02', '00', '05', '06', '07', '09', '08']","[0.042300000000000004, 0.0, 0.0, 0.0, 0.3116, 0.0030999999999999917, 0.0, 0.09210000000000007, 0.5509]","[25, 50, 75]",['between 4 and 5'],"[(4, 5)]",['ITE-MOA-04.png' 'ITE-MOA-01.png' 'ITE-MOA-03.png' 'ITE-MOA-06.png'],20.5607476635514,79.43925233644859,ITE-MOA-T00.png,ITE-MOA-D01.png,ITE-MOA-D02.png,ITE-MOA-D03.png
23,landscape_element,mountain_ridge,0,2,4,7,LAN-MOU-02.png,LAN-MOU-03.png,LAN-MOU-04.png,LAN-MOU-07.png,1.0,0.89515,0.2555,0.127325,"[1.0, 0.9169, 0.9012, 0.877, 0.2601, 0.2509, 0.2174, 0.0973, 0.0912, 0.0]","['LAN-MOU-02.png', 'LAN-MOU-01.png', 'LAN-MOU-03.png', 'LAN-MOU-00.png', 'LAN-MOU-04.png', 'LAN-MOU-05.png', 'LAN-MOU-06.png', 'LAN-MOU-07.png', 'LAN-MOU-08.png', 'LAN-MOU-09.png']","['02', '01', '03', '00', '04', '05', '06', '07', '08', '09']","[0.08309999999999995, 0.015700000000000047, 0.0242, 0.6169, 0.009199999999999986, 0.0335, 0.12010000000000001, 0.006099999999999994, 0.0912]","[25, 50, 75]",['between 3 and 4'],"[(3, 4)]",['LAN-MOU-02.png' 'LAN-MOU-03.png' 'LAN-MOU-04.png' 'LAN-MOU-07.png'],21.49532710280374,78.50467289719626,LAN-MOU-T00.png,LAN-MOU-D01.png,LAN-MOU-D02.png,LAN-MOU-D03.png
24,vehicle,tractor,0,2,4,7,VEH-TRA-00.png,VEH-TRA-02.png,VEH-TRA-04.png,VEH-TRA-07.png,1.0,0.9201,0.7962,0.69035,"[1.0, 1.0, 0.9264, 0.9012, 0.8516, 0.7408, 0.7259, 0.6785, 0.2175, 0.0]","['VEH-TRA-00.png', 'VEH-TRA-01.png', 'VEH-TRA-02.png', 'VEH-TRA-03.png', 'VEH-TRA-04.png', 'VEH-TRA-05.png', 'VEH-TRA-06.png', 'VEH-TRA-07.png', 'VEH-TRA-08.png', 'VEH-TRA-09.png']","['00', '01', '02', '03', '04', '05', '06', '07', '08', '09']","[0.0, 0.0736, 0.0252, 0.04959999999999998, 0.11080000000000001, 0.014900000000000024, 0.0474, 0.46099999999999997, 0.2175]","[25, 50, 75]",['between 7 and 8'],"[(7, 8)]",['VEH-TRA-00.png' 'VEH-TRA-02.png' 'VEH-TRA-04.png' 'VEH-TRA-07.png'],22.429906542056074,77.57009345794393,VEH-TRA-T00.png,VEH-TRA-D01.png,VEH-TRA-D02.png,VEH-TRA-D03.png
25,item,lamp_standing,0,2,4,7,ITE-LAM-09.png,ITE-LAM-05.png,ITE-LAM-04.png,ITE-LAM-06.png,1.0,0.72425,0.2263,0.14932499999999999,"[1.0, 0.9209, 0.8602, 0.3164, 0.2327, 0.2199, 0.2199, 0.1258, 0.0317, 0.0]","['ITE-LAM-09.png', 'ITE-LAM-00.png', 'ITE-LAM-05.png', 'ITE-LAM-01.png', 'ITE-LAM-04.png', 'ITE-LAM-02.png', 'ITE-LAM-03.png', 'ITE-LAM-06.png', 'ITE-LAM-07.png', 'ITE-LAM-08.png']","['09', '00', '05', '01', '04', '02', '03', '06', '07', '08']","[0.07909999999999995, 0.06070000000000009, 0.5438, 0.08370000000000002, 0.012799999999999978, 0.0, 0.09410000000000002, 0.09409999999999999, 0.0317]","[25, 50, 75]",['between 2 and 3'],"[(2, 3)]",['ITE-LAM-09.png' 'ITE-LAM-05.png' 'ITE-LAM-04.png' 'ITE-LAM-06.png'],23.364485981308412,76.63551401869158,ITE-LAM-T00.png,ITE-LAM-D01.png,ITE-LAM-D02.png,ITE-LAM-D03.png
26,item,chair,0,2,4,6,ITE-CHA-00.png,ITE-CHA-02.png,ITE-CHA-04.png,ITE-CHA-06.png,1.0,0.93235,0.7733000000000001,0.7,"[1.0, 0.9572, 0.9411, 0.9061, 0.8241, 0.7225, 0.7, 0.7, 0.1015, 0.0]","['ITE-CHA-00.png', 'ITE-CHA-01.png', 'ITE-CHA-02.png', 'ITE-CHA-03.png', 'ITE-CHA-04.png', 'ITE-CHA-05.png', 'ITE-CHA-06.png', 'ITE-CHA-07.png', 'ITE-CHA-09.png', 'ITE-CHA-08.png']","['00', '01', '02', '03', '04', '05', '06', '07', '09', '08']","[0.04279999999999995, 0.016100000000000003, 0.03500000000000003, 0.08199999999999996, 0.10160000000000002, 0.022500000000000075, 0.0, 0.5984999999999999, 0.1015]","[25, 50, 75]",['between 7 and 8'],"[(7, 8)]",['ITE-CHA-00.png' 'ITE-CHA-02.png' 'ITE-CHA-04.png' 'ITE-CHA-06.png'],24.299065420560748,75.70093457943925,ITE-CHA-T00.png,ITE-CHA-D01.png,ITE-CHA-D02.png,ITE-CHA-D03.png
27,item,pot,0,2,4,7,ITE-POT-01.png,ITE-POT-02.png,ITE-POT-04.png,ITE-POT-07.png,1.0,0.95645,0.7030000000000001,0.30062500000000003,"[1.0, 0.9944, 0.9841, 0.8735, 0.8597, 0.5463, 0.3757, 0.2756, 0.1692, 0.0]","['ITE-POT-01.png', 'ITE-POT-00.png', 'ITE-POT-02.png', 'ITE-POT-03.png', 'ITE-POT-04.png', 'ITE-POT-05.png', 'ITE-POT-06.png', 'ITE-POT-07.png', 'ITE-POT-08.png', 'ITE-POT-09.png']","['01', '00', '02', '03', '04', '05', '06', '07', '08', '09']","[0.005600000000000049, 0.010299999999999976, 0.11059999999999992, 0.013800000000000034, 0.3134, 0.17060000000000003, 0.10009999999999997, 0.10640000000000002, 0.1692]","[25, 50, 75]",['between 4 and 5'],"[(4, 5)]",['ITE-POT-01.png' 'ITE-POT-02.png' 'ITE-POT-04.png' 'ITE-POT-07.png'],25.233644859813083,74.76635514018692,ITE-POT-T00.png,ITE-POT-D01.png,ITE-POT-D02.png,ITE-POT-D03.png
28,landscape_element,desert_butte,0,2,4,7,LAN-DEE-01.png,LAN-DEE-02.png,LAN-DEE-04.png,LAN-DEE-07.png,1.0,0.8825999999999999,0.649,0.574375,"[1.0, 0.9844, 0.8964, 0.8412, 0.6585, 0.6395, 0.5821, 0.5718, 0.5541, -0.0]","['LAN-DEE-01.png', 'LAN-DEE-00.png', 'LAN-DEE-02.png', 'LAN-DEE-03.png', 'LAN-DEE-04.png', 'LAN-DEE-05.png', 'LAN-DEE-08.png', 'LAN-DEE-07.png', 'LAN-DEE-06.png', 'LAN-DEE-09.png']","['01', '00', '02', '03', '04', '05', '08', '07', '06', '09']","[0.015599999999999947, 0.08800000000000008, 0.05520000000000003, 0.18269999999999997, 0.019000000000000017, 0.05740000000000001, 0.010299999999999976, 0.017699999999999938, 0.5541]","[25, 50, 75]",[],[],['LAN-DEE-01.png' 'LAN-DEE-02.png' 'LAN-DEE-04.png' 'LAN-DEE-07.png'],26.168224299065418,73.83177570093457,LAN-DEE-T00.png,LAN-DEE-D01.png,LAN-DEE-D02.png,LAN-DEE-D03.png
29,vehicle,tourist_helicopter,0,1,3,6,VEH-TOU-08.png,VEH-TOU-09.png,VEH-TOU-02.png,VEH-TOU-04.png,1.0,0.4607,0.46065,0.0193,"[1.0, 0.8086, 0.4607, 0.4607, 0.4607, 0.4606, 0.0193, 0.0193, 0.0193, 0.0]","['VEH-TOU-08.png', 'VEH-TOU-09.png', 'VEH-TOU-00.png', 'VEH-TOU-02.png', 'VEH-TOU-01.png', 'VEH-TOU-03.png', 'VEH-TOU-04.png', 'VEH-TOU-05.png', 'VEH-TOU-06.png', 'VEH-TOU-07.png']","['08', '09', '00', '02', '01', '03', '04', '05', '06', '07']","[0.19140000000000001, 0.3479, 0.0, 0.0, 9.999999999998899e-05, 0.4413, 0.0, 0.0, 0.0193]","[25, 50, 75]","['between 1 and 2', 'between 5 and 6']","[(1, 2), (5, 6)]",['VEH-TOU-08.png' 'VEH-TOU-09.png' 'VEH-TOU-02.png' 'VEH-TOU-04.png'],27.102803738317753,72.89719626168224,VEH-TOU-T00.png,VEH-TOU-D01.png,VEH-TOU-D02.png,VEH-TOU-D03.png
30,landscape_element,volcanic_peak,0,2,4,7,LAN-VOL-04.png,LAN-VOL-03.png,LAN-VOL-01.png,LAN-VOL-07.png,1.0,0.888725,0.7672,0.3589,"[1.0, 0.9229, 0.8984, 0.8597, 0.7829, 0.7515, 0.4225, 0.3377, 0.2912, 0.0]","['LAN-VOL-04.png', 'LAN-VOL-05.png', 'LAN-VOL-03.png', 'LAN-VOL-02.png', 'LAN-VOL-01.png', 'LAN-VOL-00.png', 'LAN-VOL-06.png', 'LAN-VOL-07.png', 'LAN-VOL-08.png', 'LAN-VOL-09.png']","['04', '05', '03', '02', '01', '00', '06', '07', '08', '09']","[0.07709999999999995, 0.024500000000000077, 0.03869999999999996, 0.07679999999999998, 0.031400000000000095, 0.32899999999999996, 0.08479999999999999, 0.046499999999999986, 0.2912]","[25, 50, 75]",['between 5 and 6'],"[(5, 6)]",['LAN-VOL-04.png' 'LAN-VOL-03.png' 'LAN-VOL-01.png' 'LAN-VOL-07.png'],28.037383177570092,71.96261682242991,LAN-VOL-T00.png,LAN-VOL-D01.png,LAN-VOL-D02.png,LAN-VOL-D03.png
31,item,telescope,0,2,4,7,ITE-TEL-05.png,ITE-TEL-03.png,ITE-TEL-00.png,ITE-TEL-08.png,1.0,0.632575,0.481,0.10189999999999999,"[1.0, 1.0, 0.6583, 0.5554, 0.5388, 0.4232, 0.3689, 0.0129, 0.0065, 0.0]","['ITE-TEL-05.png', 'ITE-TEL-04.png', 'ITE-TEL-03.png', 'ITE-TEL-01.png', 'ITE-TEL-00.png', 'ITE-TEL-02.png', 'ITE-TEL-09.png', 'ITE-TEL-08.png', 'ITE-TEL-07.png', 'ITE-TEL-06.png']","['05', '04', '03', '01', '00', '02', '09', '08', '07', '06']","[0.0, 0.3417, 0.10289999999999999, 0.01660000000000006, 0.11559999999999993, 0.054300000000000015, 0.356, 0.0064, 0.0065]","[25, 50, 75]","['between 1 and 2', 'between 6 and 7']","[(1, 2), (6, 7)]",['ITE-TEL-05.png' 'ITE-TEL-03.png' 'ITE-TEL-00.png' 'ITE-TEL-08.png'],28.971962616822427,71.02803738317756,ITE-TEL-T00.png,ITE-TEL-D01.png,ITE-TEL-D02.png,ITE-TEL-D03.png
32,building,bell_tower,0,2,4,7,BUI-BEL-01.png,BUI-BEL-02.png,BUI-BEL-04.png,BUI-BEL-07.png,1.0,0.952325,0.8874500000000001,0.4582,"[1.0, 0.9973, 0.9672, 0.9077, 0.893, 0.8819, 0.5161, 0.4389, 0.4339, 0.0]","['BUI-BEL-01.png', 'BUI-BEL-00.png', 'BUI-BEL-02.png', 'BUI-BEL-03.png', 'BUI-BEL-04.png', 'BUI-BEL-05.png', 'BUI-BEL-06.png', 'BUI-BEL-07.png', 'BUI-BEL-08.png', 'BUI-BEL-09.png']","['01', '00', '02', '03', '04', '05', '06', '07', '08', '09']","[0.0027000000000000357, 0.030100000000000016, 0.0595, 0.014699999999999935, 0.011099999999999999, 0.3658, 0.07719999999999999, 0.0050000000000000044, 0.4339]","[25, 50, 75]",['between 5 and 6'],"[(5, 6)]",['BUI-BEL-01.png' 'BUI-BEL-02.png' 'BUI-BEL-04.png' 'BUI-BEL-07.png'],29.906542056074763,70.09345794392523,BUI-BEL-T00.png,BUI-BEL-D01.png,BUI-BEL-D02.png,BUI-BEL-D03.png
33,item,coffee_mug,0,1,4,7,ITE-COF-00.png,ITE-COF-02.png,ITE-COF-04.png,ITE-COF-07.png,1.0,0.99465,0.79465,0.46640000000000004,"[1.0, 1.0, 1.0, 0.9786, 0.8561, 0.7332, 0.6896, 0.392, 0.1969, 0.0]","['ITE-COF-00.png', 'ITE-COF-02.png', 'ITE-COF-01.png', 'ITE-COF-03.png', 'ITE-COF-04.png', 'ITE-COF-05.png', 'ITE-COF-06.png', 'ITE-COF-07.png', 'ITE-COF-08.png', 'ITE-COF-09.png']","['00', '02', '01', '03', '04', '05', '06', '07', '08', '09']","[0.0, 0.0, 0.021399999999999975, 0.12250000000000005, 0.12290000000000001, 0.04359999999999997, 0.2976, 0.19510000000000002, 0.1969]","[25, 50, 75]",['between 6 and 7'],"[(6, 7)]",['ITE-COF-00.png' 'ITE-COF-02.png' 'ITE-COF-04.png' 'ITE-COF-07.png'],30.8411214953271,69.1588785046729,ITE-COF-T00.png,ITE-COF-D01.png,ITE-COF-D02.png,ITE-COF-D03.png
34,item,candlestick,0,2,3,7,ITE-CAN-00.png,ITE-CAN-02.png,ITE-CAN-04.png,ITE-CAN-07.png,1.0,0.7636750000000001,0.6567000000000001,0.4013,"[1.0, 0.9525, 0.7828, 0.7063, 0.7063, 0.6071, 0.4361, 0.3897, 0.3759, 0.0]","['ITE-CAN-00.png', 'ITE-CAN-01.png', 'ITE-CAN-02.png', 'ITE-CAN-04.png', 'ITE-CAN-03.png', 'ITE-CAN-05.png', 'ITE-CAN-06.png', 'ITE-CAN-07.png', 'ITE-CAN-08.png', 'ITE-CAN-09.png']","['00', '01', '02', '04', '03', '05', '06', '07', '08', '09']","[0.04749999999999999, 0.16969999999999996, 0.07650000000000001, 0.0, 0.09920000000000007, 0.17099999999999999, 0.0464, 0.013799999999999979, 0.3759]","[25, 50, 75]",[],[],['ITE-CAN-00.png' 'ITE-CAN-02.png' 'ITE-CAN-04.png' 'ITE-CAN-07.png'],31.775700934579437,68.22429906542055,ITE-CAN-T00.png,ITE-CAN-D01.png,ITE-CAN-D02.png,ITE-CAN-D03.png
35,vehicle,car_vintage,0,2,4,7,VEH-CAR-00.png,VEH-CAR-02.png,VEH-CAR-04.png,VEH-CAR-07.png,1.0,0.89815,0.8308,0.362,"[1.0, 1.0, 0.8998, 0.8932, 0.8628, 0.7988, 0.7718, 0.2254, 0.1241, 0.0]","['VEH-CAR-00.png', 'VEH-CAR-01.png', 'VEH-CAR-02.png', 'VEH-CAR-03.png', 'VEH-CAR-04.png', 'VEH-CAR-06.png', 'VEH-CAR-05.png', 'VEH-CAR-07.png', 'VEH-CAR-08.png', 'VEH-CAR-09.png']","['00', '01', '02', '03', '04', '06', '05', '07', '08', '09']","[0.0, 0.10019999999999996, 0.00660000000000005, 0.030399999999999983, 0.06400000000000006, 0.026999999999999913, 0.5464, 0.10129999999999999, 0.1241]","[25, 50, 75]",['between 6 and 7'],"[(6, 7)]",['VEH-CAR-00.png' 'VEH-CAR-02.png' 'VEH-CAR-04.png' 'VEH-CAR-07.png'],32.71028037383177,67.28971962616822,VEH-CAR-T00.png,VEH-CAR-D01.png,VEH-CAR-D02.png,VEH-CAR-D03.png
36,building,futuristic_building,0,2,3,7,BUI-FUT-01.png,BUI-FUT-02.png,BUI-FUT-04.png,BUI-FUT-07.png,1.0,0.951225,0.8793500000000001,0.5462,"[1.0, 1.0, 0.9525, 0.9474, 0.9474, 0.8113, 0.6182, 0.5222, 0.1036, 0.0]","['BUI-FUT-01.png', 'BUI-FUT-00.png', 'BUI-FUT-02.png', 'BUI-FUT-04.png', 'BUI-FUT-03.png', 'BUI-FUT-05.png', 'BUI-FUT-06.png', 'BUI-FUT-07.png', 'BUI-FUT-08.png', 'BUI-FUT-09.png']","['01', '00', '02', '04', '03', '05', '06', '07', '08', '09']","[0.0, 0.04749999999999999, 0.005099999999999993, 0.0, 0.1361, 0.19310000000000005, 0.09599999999999997, 0.41859999999999997, 0.1036]","[25, 50, 75]",['between 7 and 8'],"[(7, 8)]",['BUI-FUT-01.png' 'BUI-FUT-02.png' 'BUI-FUT-04.png' 'BUI-FUT-07.png'],33.64485981308411,66.35514018691589,BUI-FUT-T00.png,BUI-FUT-D01.png,BUI-FUT-D02.png,BUI-FUT-D03.png
37,vehicle,rowing_boat,1,3,5,6,VEH-ROW-00.png,VEH-ROW-08.png,VEH-ROW-02.png,VEH-ROW-05.png,0.5817,0.5467,0.4239,0.0421,"[1.0, 0.5817, 0.573, 0.5467, 0.4443, 0.4239, 0.0421, 0.0421, 0.0, 0.0]","['VEH-ROW-09.png', 'VEH-ROW-00.png', 'VEH-ROW-07.png', 'VEH-ROW-08.png', 'VEH-ROW-01.png', 'VEH-ROW-02.png', 'VEH-ROW-05.png', 'VEH-ROW-06.png', 'VEH-ROW-03.png', 'VEH-ROW-04.png']","['09', '00', '07', '08', '01', '02', '05', '06', '03', '04']","[0.4183, 0.008700000000000041, 0.02629999999999999, 0.10239999999999999, 0.020399999999999974, 0.38180000000000003, 0.0, 0.0421, 0.0]","[25, 50, 75]",['between 5 and 6'],"[(5, 6)]",['VEH-ROW-00.png' 'VEH-ROW-08.png' 'VEH-ROW-02.png' 'VEH-ROW-05.png'],34.57943925233645,65.42056074766354,VEH-ROW-T00.png,VEH-ROW-D01.png,VEH-ROW-D02.png,VEH-ROW-D03.png
38,animal,tropical_bird,0,2,4,7,ANI-TRO-00.png,ANI-TRO-02.png,ANI-TRO-04.png,ANI-TRO-07.png,1.0,0.74805,0.6626,0.475975,"[1.0, 0.8504, 0.763, 0.7032, 0.6698, 0.6554, 0.5776, 0.4421, 0.3142, 0.0]","['ANI-TRO-00.png', 'ANI-TRO-01.png', 'ANI-TRO-02.png', 'ANI-TRO-03.png', 'ANI-TRO-04.png', 'ANI-TRO-05.png', 'ANI-TRO-06.png', 'ANI-TRO-07.png', 'ANI-TRO-08.png', 'ANI-TRO-09.png']","['00', '01', '02', '03', '04', '05', '06', '07', '08', '09']","[0.14959999999999996, 0.08740000000000003, 0.059799999999999964, 0.033400000000000096, 0.014399999999999968, 0.07779999999999998, 0.1355, 0.1279, 0.3142]","[25, 50, 75]",[],[],['ANI-TRO-00.png' 'ANI-TRO-02.png' 'ANI-TRO-04.png' 'ANI-TRO-07.png'],35.51401869158878,64.48598130841121,ANI-TRO-T00.png,ANI-TRO-D01.png,ANI-TRO-D02.png,ANI-TRO-D03.png
39,vehicle,jet_plane,1,3,5,7,VEH-JET-02.png,VEH-JET-00.png,VEH-JET-07.png,VEH-JET-03.png,0.3818,0.3753,0.0435,0.0,"[1.0, 0.3818, 0.3818, 0.3753, 0.2315, 0.0435, 0.0001, 0.0, 0.0, 0.0]","['VEH-JET-09.png', 'VEH-JET-02.png', 'VEH-JET-01.png', 'VEH-JET-00.png', 'VEH-JET-08.png', 'VEH-JET-07.png', 'VEH-JET-05.png', 'VEH-JET-03.png', 'VEH-JET-04.png', 'VEH-JET-06.png']","['09', '02', '01', '00', '08', '07', '05', '03', '04', '06']","[0.6182000000000001, 0.0, 0.00649999999999995, 0.1438, 0.188, 0.043399999999999994, 0.0001, 0.0, 0.0]","[25, 50, 75]",[],[],['VEH-JET-02.png' 'VEH-JET-00.png' 'VEH-JET-07.png' 'VEH-JET-03.png'],36.44859813084112,63.55140186915887,VEH-JET-T00.png,VEH-JET-D01.png,VEH-JET-D02.png,VEH-JET-D03.png
40,landscape_element,fjord_pillar,0,1,4,7,LAN-FJO-09.png,LAN-FJO-05.png,LAN-FJO-00.png,LAN-FJO-07.png,1.0,0.943225,0.5766,0.281,"[1.0, 0.9517, 0.9517, 0.9178, 0.5766, 0.5766, 0.5765, 0.1825, 0.0321, 0.0]","['LAN-FJO-09.png', 'LAN-FJO-05.png', 'LAN-FJO-04.png', 'LAN-FJO-03.png', 'LAN-FJO-00.png', 'LAN-FJO-02.png', 'LAN-FJO-01.png', 'LAN-FJO-07.png', 'LAN-FJO-08.png', 'LAN-FJO-06.png']","['09', '05', '04', '03', '00', '02', '01', '07', '08', '06']","[0.04830000000000001, 0.0, 0.03390000000000004, 0.34119999999999995, 0.0, 9.999999999998899e-05, 0.394, 0.1504, 0.0321]","[25, 50, 75]","['between 3 and 4', 'between 6 and 7']","[(3, 4), (6, 7)]",['LAN-FJO-09.png' 'LAN-FJO-05.png' 'LAN-FJO-00.png' 'LAN-FJO-07.png'],37.38317757009346,62.616822429906534,LAN-FJO-T00.png,LAN-FJO-D01.png,LAN-FJO-D02.png,LAN-FJO-D03.png
41,landscape_element,lake_island,0,2,4,7,LAN-LAK-00.png,LAN-LAK-02.png,LAN-LAK-04.png,LAN-LAK-06.png,1.0,0.856525,0.5898,0.2797,"[1.0, 1.0, 0.8956, 0.7393, 0.6517, 0.5279, 0.3139, 0.2683, 0.1423, 0.0]","['LAN-LAK-00.png', 'LAN-LAK-01.png', 'LAN-LAK-02.png', 'LAN-LAK-03.png', 'LAN-LAK-04.png', 'LAN-LAK-05.png', 'LAN-LAK-07.png', 'LAN-LAK-06.png', 'LAN-LAK-08.png', 'LAN-LAK-09.png']","['00', '01', '02', '03', '04', '05', '07', '06', '08', '09']","[0.0, 0.10440000000000005, 0.1563, 0.08760000000000001, 0.12379999999999991, 0.21400000000000002, 0.04560000000000003, 0.12599999999999997, 0.1423]","[25, 50, 75]",[],[],['LAN-LAK-00.png' 'LAN-LAK-02.png' 'LAN-LAK-04.png' 'LAN-LAK-06.png'],38.31775700934579,61.6822429906542,LAN-LAK-T00.png,LAN-LAK-D01.png,LAN-LAK-D02.png,LAN-LAK-D03.png
42,landscape_element,geothermal_spring,0,2,4,7,LAN-GEO-00.png,LAN-GEO-02.png,LAN-GEO-04.png,LAN-GEO-06.png,1.0,0.91625,0.7934,0.423675,"[1.0, 0.9949, 0.9265, 0.8855, 0.8456, 0.7412, 0.4326, 0.4207, 0.3802, 0.0]","['LAN-GEO-00.png', 'LAN-GEO-01.png', 'LAN-GEO-02.png', 'LAN-GEO-03.png', 'LAN-GEO-04.png', 'LAN-GEO-05.png', 'LAN-GEO-07.png', 'LAN-GEO-06.png', 'LAN-GEO-08.png', 'LAN-GEO-09.png']","['00', '01', '02', '03', '04', '05', '07', '06', '08', '09']","[0.005099999999999993, 0.06840000000000002, 0.041000000000000036, 0.039899999999999936, 0.10440000000000005, 0.3086, 0.011899999999999966, 0.040500000000000036, 0.3802]","[25, 50, 75]",['between 5 and 6'],"[(5, 6)]",['LAN-GEO-00.png' 'LAN-GEO-02.png' 'LAN-GEO-04.png' 'LAN-GEO-06.png'],39.25233644859813,60.747663551401864,LAN-GEO-T00.png,LAN-GEO-D01.png,LAN-GEO-D02.png,LAN-GEO-D03.png
43,vehicle,lorry,0,1,3,7,VEH-LOR-05.png,VEH-LOR-04.png,VEH-LOR-00.png,VEH-LOR-07.png,1.0,0.607,0.607,0.38715,"[1.0, 0.9701, 0.607, 0.607, 0.607, 0.607, 0.5172, 0.3438, 0.1063, 0.0]","['VEH-LOR-05.png', 'VEH-LOR-04.png', 'VEH-LOR-01.png', 'VEH-LOR-00.png', 'VEH-LOR-02.png', 'VEH-LOR-03.png', 'VEH-LOR-06.png', 'VEH-LOR-07.png', 'VEH-LOR-08.png', 'VEH-LOR-09.png']","['05', '04', '01', '00', '02', '03', '06', '07', '08', '09']","[0.029900000000000038, 0.3631, 0.0, 0.0, 0.0, 0.08979999999999999, 0.1734, 0.2375, 0.1063]","[25, 50, 75]",['between 1 and 2'],"[(1, 2)]",['VEH-LOR-05.png' 'VEH-LOR-04.png' 'VEH-LOR-00.png' 'VEH-LOR-07.png'],40.18691588785047,59.813084112149525,VEH-LOR-T00.png,VEH-LOR-D01.png,VEH-LOR-D02.png,VEH-LOR-D03.png
44,landscape_element,forest_boulder,0,2,5,7,LAN-FOR-05.png,LAN-FOR-04.png,LAN-FOR-00.png,LAN-FOR-07.png,1.0,0.899575,0.7746999999999999,0.5842,"[1.0, 1.0, 0.9115, 0.8638, 0.7777, 0.7717, 0.7657, 0.5237, 0.0603, 0.0]","['LAN-FOR-05.png', 'LAN-FOR-06.png', 'LAN-FOR-04.png', 'LAN-FOR-03.png', 'LAN-FOR-02.png', 'LAN-FOR-00.png', 'LAN-FOR-01.png', 'LAN-FOR-07.png', 'LAN-FOR-08.png', 'LAN-FOR-09.png']","['05', '06', '04', '03', '02', '00', '01', '07', '08', '09']","[0.0, 0.08850000000000002, 0.047699999999999965, 0.08610000000000007, 0.005999999999999894, 0.006000000000000005, 0.242, 0.46340000000000003, 0.0603]","[25, 50, 75]",['between 7 and 8'],"[(7, 8)]",['LAN-FOR-05.png' 'LAN-FOR-04.png' 'LAN-FOR-00.png' 'LAN-FOR-07.png'],41.1214953271028,58.87850467289719,LAN-FOR-T00.png,LAN-FOR-D01.png,LAN-FOR-D02.png,LAN-FOR-D03.png
45,plant,palm,0,2,5,7,PLA-PAL-05.png,PLA-PAL-04.png,PLA-PAL-00.png,PLA-PAL-07.png,1.0,0.9672499999999999,0.8726499999999999,0.4476,"[1.0, 1.0, 0.9959, 0.8813, 0.88, 0.8653, 0.8526, 0.3126, 0.2766, 0.0]","['PLA-PAL-05.png', 'PLA-PAL-06.png', 'PLA-PAL-04.png', 'PLA-PAL-01.png', 'PLA-PAL-03.png', 'PLA-PAL-00.png', 'PLA-PAL-02.png', 'PLA-PAL-07.png', 'PLA-PAL-08.png', 'PLA-PAL-09.png']","['05', '06', '04', '01', '03', '00', '02', '07', '08', '09']","[0.0, 0.0040999999999999925, 0.11460000000000004, 0.0012999999999999678, 0.014700000000000046, 0.012699999999999934, 0.54, 0.035999999999999976, 0.2766]","[25, 50, 75]",['between 6 and 7'],"[(6, 7)]",['PLA-PAL-05.png' 'PLA-PAL-04.png' 'PLA-PAL-00.png' 'PLA-PAL-07.png'],42.05607476635514,57.943925233644855,PLA-PAL-T00.png,PLA-PAL-D01.png,PLA-PAL-D02.png,PLA-PAL-D03.png
46,plant,acacia,0,2,4,7,PLA-ACA-00.png,PLA-ACA-02.png,PLA-ACA-04.png,PLA-ACA-06.png,1.0,0.872925,0.6485,0.3382,"[1.0, 0.9901, 0.884, 0.8397, 0.7361, 0.5609, 0.3667, 0.3287, 0.2101, 0.0]","['PLA-ACA-00.png', 'PLA-ACA-01.png', 'PLA-ACA-02.png', 'PLA-ACA-03.png', 'PLA-ACA-04.png', 'PLA-ACA-05.png', 'PLA-ACA-07.png', 'PLA-ACA-06.png', 'PLA-ACA-08.png', 'PLA-ACA-09.png']","['00', '01', '02', '03', '04', '05', '07', '06', '08', '09']","[0.00990000000000002, 0.10609999999999997, 0.044300000000000006, 0.10360000000000003, 0.17520000000000002, 0.19419999999999993, 0.038000000000000034, 0.11859999999999998, 0.2101]","[25, 50, 75]",[],[],['PLA-ACA-00.png' 'PLA-ACA-02.png' 'PLA-ACA-04.png' 'PLA-ACA-06.png'],42.99065420560748,57.009345794392516,PLA-ACA-T00.png,PLA-ACA-D01.png,PLA-ACA-D02.png,PLA-ACA-D03.png
47,animal,koala,0,2,4,7,ANI-KOA-00.png,ANI-KOA-02.png,ANI-KOA-04.png,ANI-KOA-07.png,1.0,0.88225,0.7133,0.43345,"[1.0, 0.9972, 0.9163, 0.7801, 0.7148, 0.7118, 0.5338, 0.4, 0.2908, 0.0]","['ANI-KOA-00.png', 'ANI-KOA-01.png', 'ANI-KOA-02.png', 'ANI-KOA-03.png', 'ANI-KOA-04.png', 'ANI-KOA-05.png', 'ANI-KOA-06.png', 'ANI-KOA-07.png', 'ANI-KOA-08.png', 'ANI-KOA-09.png']","['00', '01', '02', '03', '04', '05', '06', '07', '08', '09']","[0.0028000000000000247, 0.08089999999999997, 0.1362, 0.06530000000000002, 0.0030000000000000027, 0.17799999999999994, 0.13380000000000003, 0.10920000000000002, 0.2908]","[25, 50, 75]",[],[],['ANI-KOA-00.png' 'ANI-KOA-02.png' 'ANI-KOA-04.png' 'ANI-KOA-07.png'],43.925233644859816,56.074766355140184,ANI-KOA-T00.png,ANI-KOA-D01.png,ANI-KOA-D02.png,ANI-KOA-D03.png
48,plant,bristlecone,0,2,4,7,PLA-BRI-01.png,PLA-BRI-02.png,PLA-BRI-04.png,PLA-BRI-07.png,1.0,0.92245,0.74515,0.2955,"[1.0, 1.0, 0.9439, 0.8581, 0.8215, 0.6688, 0.5016, 0.2268, 0.2175, 0.0]","['PLA-BRI-01.png', 'PLA-BRI-00.png', 'PLA-BRI-02.png', 'PLA-BRI-03.png', 'PLA-BRI-04.png', 'PLA-BRI-05.png', 'PLA-BRI-06.png', 'PLA-BRI-07.png', 'PLA-BRI-08.png', 'PLA-BRI-09.png']","['01', '00', '02', '03', '04', '05', '06', '07', '08', '09']","[0.0, 0.05610000000000004, 0.08579999999999999, 0.036599999999999966, 0.15270000000000006, 0.1671999999999999, 0.27480000000000004, 0.009300000000000003, 0.2175]","[25, 50, 75]",[],[],['PLA-BRI-01.png' 'PLA-BRI-02.png' 'PLA-BRI-04.png' 'PLA-BRI-07.png'],44.85981308411215,55.140186915887845,PLA-BRI-T00.png,PLA-BRI-D01.png,PLA-BRI-D02.png,PLA-BRI-D03.png
49,building,barn,1,3,5,7,BUI-BAR-01.png,BUI-BAR-02.png,BUI-BAR-04.png,BUI-BAR-06.png,0.6135,0.4265,0.3039,0.1295,"[1.0, 0.6135, 0.5931, 0.4265, 0.3325, 0.3039, 0.2639, 0.1295, 0.1035, 0.0]","['BUI-BAR-09.png', 'BUI-BAR-01.png', 'BUI-BAR-00.png', 'BUI-BAR-02.png', 'BUI-BAR-03.png', 'BUI-BAR-04.png', 'BUI-BAR-05.png', 'BUI-BAR-06.png', 'BUI-BAR-07.png', 'BUI-BAR-08.png']","['09', '01', '00', '02', '03', '04', '05', '06', '07', '08']","[0.38649999999999995, 0.020400000000000085, 0.16659999999999997, 0.09399999999999997, 0.028600000000000014, 0.03999999999999998, 0.13440000000000002, 0.02600000000000001, 0.1035]","[25, 50, 75]",[],[],['BUI-BAR-01.png' 'BUI-BAR-02.png' 'BUI-BAR-04.png' 'BUI-BAR-06.png'],45.794392523364486,54.20560747663551,BUI-BAR-T00.png,BUI-BAR-D01.png,BUI-BAR-D02.png,BUI-BAR-D03.png
50,building,fortress,0,2,3,7,BUI-FOT-08.png,BUI-FOT-00.png,BUI-FOT-02.png,BUI-FOT-04.png,1.0,0.435175,0.42005000000000003,0.379275,"[1.0, 0.9502, 0.4352, 0.4351, 0.4351, 0.405, 0.4038, 0.3711, 0.3525, 0.0]","['BUI-FOT-08.png', 'BUI-FOT-07.png', 'BUI-FOT-00.png', 'BUI-FOT-02.png', 'BUI-FOT-01.png', 'BUI-FOT-05.png', 'BUI-FOT-06.png', 'BUI-FOT-04.png', 'BUI-FOT-03.png', 'BUI-FOT-09.png']","['08', '07', '00', '02', '01', '05', '06', '04', '03', '09']","[0.049799999999999955, 0.5150000000000001, 9.999999999998899e-05, 0.0, 0.03009999999999996, 0.0012000000000000344, 0.03270000000000001, 0.018600000000000005, 0.3525]","[25, 50, 75]",['between 1 and 2'],"[(1, 2)]",['BUI-FOT-08.png' 'BUI-FOT-00.png' 'BUI-FOT-02.png' 'BUI-FOT-04.png'],46.728971962616825,53.271028037383175,BUI-FOT-T00.png,BUI-FOT-D01.png,BUI-FOT-D02.png,BUI-FOT-D03.png
51,landscape_element,hill_river,0,1,4,7,LAN-HIL-01.png,LAN-HIL-00.png,LAN-HIL-04.png,LAN-HIL-07.png,1.0,0.9998,0.9039,0.69785,"[1.0, 0.9998, 0.9998, 0.9998, 0.932, 0.8758, 0.725, 0.6888, 0.4571, 0.0]","['LAN-HIL-01.png', 'LAN-HIL-00.png', 'LAN-HIL-02.png', 'LAN-HIL-03.png', 'LAN-HIL-04.png', 'LAN-HIL-05.png', 'LAN-HIL-06.png', 'LAN-HIL-07.png', 'LAN-HIL-08.png', 'LAN-HIL-09.png']","['01', '00', '02', '03', '04', '05', '06', '07', '08', '09']","[0.00019999999999997797, 0.0, 0.0, 0.06779999999999997, 0.05620000000000003, 0.15080000000000005, 0.03620000000000001, 0.23169999999999996, 0.4571]","[25, 50, 75]",[],[],['LAN-HIL-01.png' 'LAN-HIL-00.png' 'LAN-HIL-04.png' 'LAN-HIL-07.png'],47.66355140186916,52.336448598130836,LAN-HIL-T00.png,LAN-HIL-D01.png,LAN-HIL-D02.png,LAN-HIL-D03.png
52,building,pagoda,0,2,4,7,BUI-PAG-00.png,BUI-PAG-02.png,BUI-PAG-04.png,BUI-PAG-07.png,1.0,0.873225,0.67535,0.2432,"[1.0, 0.9747, 0.903, 0.7839, 0.7007, 0.65, 0.3917, 0.1937, 0.1629, 0.0]","['BUI-PAG-00.png', 'BUI-PAG-01.png', 'BUI-PAG-02.png', 'BUI-PAG-03.png', 'BUI-PAG-04.png', 'BUI-PAG-05.png', 'BUI-PAG-06.png', 'BUI-PAG-07.png', 'BUI-PAG-08.png', 'BUI-PAG-09.png']","['00', '01', '02', '03', '04', '05', '06', '07', '08', '09']","[0.02529999999999999, 0.07169999999999999, 0.11909999999999998, 0.08320000000000005, 0.05069999999999997, 0.25830000000000003, 0.19799999999999998, 0.030800000000000022, 0.1629]","[25, 50, 75]",[],[],['BUI-PAG-00.png' 'BUI-PAG-02.png' 'BUI-PAG-04.png' 'BUI-PAG-07.png'],48.598130841121495,51.4018691588785,BUI-PAG-T00.png,BUI-PAG-D01.png,BUI-PAG-D02.png,BUI-PAG-D03.png
53,animal,seal,0,2,3,7,ANI-SEA-06.png,ANI-SEA-05.png,ANI-SEA-03.png,ANI-SEA-07.png,1.0,0.8756,0.77455,0.39809999999999995,"[1.0, 0.9, 0.8999, 0.8027, 0.8027, 0.7464, 0.7464, 0.282, 0.0251, 0.0]","['ANI-SEA-06.png', 'ANI-SEA-04.png', 'ANI-SEA-05.png', 'ANI-SEA-03.png', 'ANI-SEA-02.png', 'ANI-SEA-01.png', 'ANI-SEA-00.png', 'ANI-SEA-07.png', 'ANI-SEA-08.png', 'ANI-SEA-09.png']","['06', '04', '05', '03', '02', '01', '00', '07', '08', '09']","[0.09999999999999998, 9.999999999998899e-05, 0.09720000000000006, 0.0, 0.05630000000000002, 0.0, 0.4644, 0.25689999999999996, 0.0251]","[25, 50, 75]",['between 6 and 7'],"[(6, 7)]",['ANI-SEA-06.png' 'ANI-SEA-05.png' 'ANI-SEA-03.png' 'ANI-SEA-07.png'],49.532710280373834,50.467289719626166,ANI-SEA-T00.png,ANI-SEA-D01.png,ANI-SEA-D02.png,ANI-SEA-D03.png
54,building,tea_house,0,2,4,7,BUI-TEA-00.png,BUI-TEA-03.png,BUI-TEA-05.png,BUI-TEA-07.png,1.0,0.902775,0.6415500000000001,0.23912499999999998,"[1.0, 0.9177, 0.9086, 0.8853, 0.6727, 0.6104, 0.3067, 0.2166, 0.0638, 0.0]","['BUI-TEA-00.png', 'BUI-TEA-01.png', 'BUI-TEA-03.png', 'BUI-TEA-02.png', 'BUI-TEA-05.png', 'BUI-TEA-04.png', 'BUI-TEA-06.png', 'BUI-TEA-07.png', 'BUI-TEA-08.png', 'BUI-TEA-09.png']","['00', '01', '03', '02', '05', '04', '06', '07', '08', '09']","[0.08230000000000004, 0.009099999999999997, 0.023299999999999987, 0.2126, 0.06229999999999991, 0.3037000000000001, 0.09009999999999999, 0.1528, 0.0638]","[25, 50, 75]",['between 5 and 6'],"[(5, 6)]",['BUI-TEA-00.png' 'BUI-TEA-03.png' 'BUI-TEA-05.png' 'BUI-TEA-07.png'],50.467289719626166,49.532710280373834,BUI-TEA-T00.png,BUI-TEA-D01.png,BUI-TEA-D02.png,BUI-TEA-D03.png
55,item,basket,0,2,5,7,ITE-BAS-01.png,ITE-BAS-02.png,ITE-BAS-05.png,ITE-BAS-07.png,1.0,0.7686,0.57005,0.357375,"[1.0, 0.9827, 0.8003, 0.6735, 0.6014, 0.5387, 0.4749, 0.3182, 0.1259, 0.0]","['ITE-BAS-01.png', 'ITE-BAS-00.png', 'ITE-BAS-02.png', 'ITE-BAS-03.png', 'ITE-BAS-04.png', 'ITE-BAS-05.png', 'ITE-BAS-06.png', 'ITE-BAS-07.png', 'ITE-BAS-08.png', 'ITE-BAS-09.png']","['01', '00', '02', '03', '04', '05', '06', '07', '08', '09']","[0.017299999999999982, 0.1824, 0.12680000000000002, 0.07209999999999994, 0.06270000000000009, 0.06379999999999997, 0.1567, 0.19229999999999997, 0.1259]","[25, 50, 75]",[],[],['ITE-BAS-01.png' 'ITE-BAS-02.png' 'ITE-BAS-05.png' 'ITE-BAS-07.png'],51.4018691588785,48.598130841121495,ITE-BAS-T00.png,ITE-BAS-D01.png,ITE-BAS-D02.png,ITE-BAS-D03.png
56,animal,leopard,0,2,4,7,ANI-LEO-00.png,ANI-LEO-02.png,ANI-LEO-05.png,ANI-LEO-07.png,1.0,0.92445,0.84545,0.48475,"[1.0, 0.9923, 0.9385, 0.8823, 0.871, 0.8199, 0.7564, 0.3942, 0.2374, 0.0]","['ANI-LEO-00.png', 'ANI-LEO-01.png', 'ANI-LEO-02.png', 'ANI-LEO-06.png', 'ANI-LEO-05.png', 'ANI-LEO-04.png', 'ANI-LEO-03.png', 'ANI-LEO-07.png', 'ANI-LEO-09.png', 'ANI-LEO-08.png']","['00', '01', '02', '06', '05', '04', '03', '07', '09', '08']","[0.00770000000000004, 0.05379999999999996, 0.05620000000000003, 0.011299999999999977, 0.051100000000000034, 0.0635, 0.36219999999999997, 0.1568, 0.2374]","[25, 50, 75]",['between 6 and 7'],"[(6, 7)]",['ANI-LEO-00.png' 'ANI-LEO-02.png' 'ANI-LEO-05.png' 'ANI-LEO-07.png'],52.336448598130836,47.66355140186916,ANI-LEO-T00.png,ANI-LEO-D01.png,ANI-LEO-D02.png,ANI-LEO-D03.png
57,landscape_element,polar_iceberg,0,1,4,7,LAN-POL-02.png,LAN-POL-01.png,LAN-POL-04.png,LAN-POL-08.png,1.0,0.991625,0.8078000000000001,0.577025,"[1.0, 1.0, 1.0, 0.9665, 0.8677, 0.7479, 0.6332, 0.5583, 0.5196, 0.0]","['LAN-POL-02.png', 'LAN-POL-01.png', 'LAN-POL-00.png', 'LAN-POL-03.png', 'LAN-POL-04.png', 'LAN-POL-05.png', 'LAN-POL-07.png', 'LAN-POL-08.png', 'LAN-POL-06.png', 'LAN-POL-09.png']","['02', '01', '00', '03', '04', '05', '07', '08', '06', '09']","[0.0, 0.0, 0.033499999999999974, 0.0988, 0.11980000000000002, 0.11470000000000002, 0.07489999999999997, 0.03870000000000007, 0.5196]","[25, 50, 75]",[],[],['LAN-POL-02.png' 'LAN-POL-01.png' 'LAN-POL-04.png' 'LAN-POL-08.png'],53.271028037383175,46.728971962616825,LAN-POL-T00.png,LAN-POL-D01.png,LAN-POL-D02.png,LAN-POL-D03.png
58,animal,giraffe,0,2,4,7,ANI-GIR-00.png,ANI-GIR-02.png,ANI-GIR-08.png,ANI-GIR-06.png,1.0,0.7662,0.27685000000000004,0.0411,"[1.0, 0.9326, 0.7806, 0.723, 0.3381, 0.2156, 0.1131, 0.0171, 0.0006, 0.0]","['ANI-GIR-00.png', 'ANI-GIR-01.png', 'ANI-GIR-02.png', 'ANI-GIR-03.png', 'ANI-GIR-08.png', 'ANI-GIR-09.png', 'ANI-GIR-07.png', 'ANI-GIR-06.png', 'ANI-GIR-04.png', 'ANI-GIR-05.png']","['00', '01', '02', '03', '08', '09', '07', '06', '04', '05']","[0.06740000000000002, 0.15200000000000002, 0.057599999999999985, 0.38489999999999996, 0.1225, 0.10250000000000001, 0.096, 0.0165, 0.0006]","[25, 50, 75]",['between 3 and 4'],"[(3, 4)]",['ANI-GIR-00.png' 'ANI-GIR-02.png' 'ANI-GIR-08.png' 'ANI-GIR-06.png'],54.20560747663551,45.794392523364486,ANI-GIR-T00.png,ANI-GIR-D01.png,ANI-GIR-D02.png,ANI-GIR-D03.png
59,item,bottle,0,1,3,7,ITE-BOT-02.png,ITE-BOT-04.png,ITE-BOT-05.png,ITE-BOT-08.png,1.0,0.9782500000000001,0.88415,0.5292,"[1.0, 0.9988, 0.9988, 0.9166, 0.9166, 0.8517, 0.8355, 0.4271, 0.2775, 0.0]","['ITE-BOT-02.png', 'ITE-BOT-04.png', 'ITE-BOT-03.png', 'ITE-BOT-05.png', 'ITE-BOT-06.png', 'ITE-BOT-00.png', 'ITE-BOT-01.png', 'ITE-BOT-08.png', 'ITE-BOT-07.png', 'ITE-BOT-09.png']","['02', '04', '03', '05', '06', '00', '01', '08', '07', '09']","[0.0011999999999999789, 0.0, 0.08220000000000005, 0.0, 0.06489999999999996, 0.016199999999999992, 0.40840000000000004, 0.14959999999999996, 0.2775]","[25, 50, 75]",['between 6 and 7'],"[(6, 7)]",['ITE-BOT-02.png' 'ITE-BOT-04.png' 'ITE-BOT-05.png' 'ITE-BOT-08.png'],55.140186915887845,44.85981308411215,ITE-BOT-T00.png,ITE-BOT-D01.png,ITE-BOT-D02.png,ITE-BOT-D03.png
60,animal,cat,1,2,5,6,ANI-CAT-04.png,ANI-CAT-02.png,ANI-CAT-03.png,ANI-CAT-06.png,0.5286,0.5273,0.5157,0.219,"[1.0, 0.5286, 0.5273, 0.5273, 0.5273, 0.5157, 0.219, 0.219, 0.202, 0.0]","['ANI-CAT-09.png', 'ANI-CAT-04.png', 'ANI-CAT-02.png', 'ANI-CAT-01.png', 'ANI-CAT-00.png', 'ANI-CAT-03.png', 'ANI-CAT-06.png', 'ANI-CAT-05.png', 'ANI-CAT-07.png', 'ANI-CAT-08.png']","['09', '04', '02', '01', '00', '03', '06', '05', '07', '08']","[0.47140000000000004, 0.0012999999999999678, 0.0, 0.0, 0.011599999999999944, 0.2967000000000001, 0.0, 0.016999999999999987, 0.202]","[25, 50, 75]",['between 5 and 6'],"[(5, 6)]",['ANI-CAT-04.png' 'ANI-CAT-02.png' 'ANI-CAT-03.png' 'ANI-CAT-06.png'],56.074766355140184,43.925233644859816,ANI-CAT-T00.png,ANI-CAT-D01.png,ANI-CAT-D02.png,ANI-CAT-D03.png
61,item,jar,0,2,3,7,ITE-JAR-01.png,ITE-JAR-00.png,ITE-JAR-03.png,ITE-JAR-07.png,1.0,0.85685,0.662,0.5021,"[1.0, 0.9772, 0.9185, 0.6719, 0.6719, 0.6521, 0.5579, 0.4835, 0.3432, 0.0]","['ITE-JAR-01.png', 'ITE-JAR-02.png', 'ITE-JAR-00.png', 'ITE-JAR-03.png', 'ITE-JAR-04.png', 'ITE-JAR-05.png', 'ITE-JAR-06.png', 'ITE-JAR-07.png', 'ITE-JAR-08.png', 'ITE-JAR-09.png']","['01', '02', '00', '03', '04', '05', '06', '07', '08', '09']","[0.022800000000000042, 0.058699999999999974, 0.24659999999999993, 0.0, 0.01980000000000004, 0.09420000000000006, 0.07439999999999997, 0.14029999999999998, 0.3432]","[25, 50, 75]",[],[],['ITE-JAR-01.png' 'ITE-JAR-00.png' 'ITE-JAR-03.png' 'ITE-JAR-07.png'],57.009345794392516,42.99065420560748,ITE-JAR-T00.png,ITE-JAR-D01.png,ITE-JAR-D02.png,ITE-JAR-D03.png
62,animal,parrot,0,2,4,7,ANI-PAR-01.png,ANI-PAR-09.png,ANI-PAR-06.png,ANI-PAR-03.png,1.0,0.5545,0.2482,0.105075,"[1.0, 0.9802, 0.5669, 0.5173, 0.2482, 0.2482, 0.147, 0.0911, 0.0002, 0.0]","['ANI-PAR-01.png', 'ANI-PAR-00.png', 'ANI-PAR-09.png', 'ANI-PAR-08.png', 'ANI-PAR-06.png', 'ANI-PAR-07.png', 'ANI-PAR-02.png', 'ANI-PAR-03.png', 'ANI-PAR-04.png', 'ANI-PAR-05.png']","['01', '00', '09', '08', '06', '07', '02', '03', '04', '05']","[0.01980000000000004, 0.4133, 0.04959999999999998, 0.2691, 0.0, 0.10120000000000001, 0.05589999999999999, 0.0909, 0.0002]","[25, 50, 75]",['between 1 and 2'],"[(1, 2)]",['ANI-PAR-01.png' 'ANI-PAR-09.png' 'ANI-PAR-06.png' 'ANI-PAR-03.png'],57.943925233644855,42.05607476635514,ANI-PAR-T00.png,ANI-PAR-D01.png,ANI-PAR-D02.png,ANI-PAR-D03.png
63,landscape_element,forest_river,0,1,4,7,LAN-FOE-00.png,LAN-FOE-01.png,LAN-FOE-04.png,LAN-FOE-07.png,1.0,0.8370500000000001,0.75815,0.55735,"[1.0, 0.8373, 0.8373, 0.8363, 0.7712, 0.7451, 0.6457, 0.5279, 0.454, 0.0]","['LAN-FOE-00.png', 'LAN-FOE-01.png', 'LAN-FOE-02.png', 'LAN-FOE-03.png', 'LAN-FOE-04.png', 'LAN-FOE-05.png', 'LAN-FOE-06.png', 'LAN-FOE-07.png', 'LAN-FOE-08.png', 'LAN-FOE-09.png']","['00', '01', '02', '03', '04', '05', '06', '07', '08', '09']","[0.16269999999999996, 0.0, 0.0010000000000000009, 0.06510000000000005, 0.026100000000000012, 0.09939999999999993, 0.11780000000000002, 0.07390000000000002, 0.454]","[25, 50, 75]",[],[],['LAN-FOE-00.png' 'LAN-FOE-01.png' 'LAN-FOE-04.png' 'LAN-FOE-07.png'],58.87850467289719,41.1214953271028,LAN-FOE-T00.png,LAN-FOE-D01.png,LAN-FOE-D02.png,LAN-FOE-D03.png
64,item,hourglass,1,2,5,7,ITE-HOU-00.png,ITE-HOU-02.png,ITE-HOU-04.png,ITE-HOU-06.png,0.6221,0.6221,0.4728,0.1913,"[1.0, 0.6221, 0.6221, 0.6221, 0.473, 0.4728, 0.4377, 0.1913, 0.045, 0.0]","['ITE-HOU-09.png', 'ITE-HOU-00.png', 'ITE-HOU-02.png', 'ITE-HOU-01.png', 'ITE-HOU-03.png', 'ITE-HOU-04.png', 'ITE-HOU-05.png', 'ITE-HOU-06.png', 'ITE-HOU-07.png', 'ITE-HOU-08.png']","['09', '00', '02', '01', '03', '04', '05', '06', '07', '08']","[0.3779, 0.0, 0.0, 0.1491, 0.00019999999999997797, 0.03510000000000002, 0.24639999999999998, 0.14629999999999999, 0.045]","[25, 50, 75]",[],[],['ITE-HOU-00.png' 'ITE-HOU-02.png' 'ITE-HOU-04.png' 'ITE-HOU-06.png'],59.813084112149525,40.18691588785047,ITE-HOU-T00.png,ITE-HOU-D01.png,ITE-HOU-D02.png,ITE-HOU-D03.png
65,landscape_element,sea_stack,0,2,5,7,LAN-SES-01.png,LAN-SES-02.png,LAN-SES-05.png,LAN-SES-07.png,1.0,0.911525,0.6437999999999999,0.48412499999999997,"[1.0, 0.9808, 0.9404, 0.8249, 0.6664, 0.6212, 0.6051, 0.4438, 0.2449, 0.0]","['LAN-SES-01.png', 'LAN-SES-00.png', 'LAN-SES-02.png', 'LAN-SES-03.png', 'LAN-SES-04.png', 'LAN-SES-05.png', 'LAN-SES-06.png', 'LAN-SES-07.png', 'LAN-SES-08.png', 'LAN-SES-09.png']","['01', '00', '02', '03', '04', '05', '06', '07', '08', '09']","[0.019199999999999995, 0.04039999999999999, 0.11550000000000005, 0.15849999999999997, 0.04520000000000002, 0.016100000000000003, 0.1613, 0.19889999999999997, 0.2449]","[25, 50, 75]",[],[],['LAN-SES-01.png' 'LAN-SES-02.png' 'LAN-SES-05.png' 'LAN-SES-07.png'],60.747663551401864,39.25233644859813,LAN-SES-T00.png,LAN-SES-D01.png,LAN-SES-D02.png,LAN-SES-D03.png
66,plant,sequoia,0,2,4,7,PLA-SEQ-01.png,PLA-SEQ-03.png,PLA-SEQ-04.png,PLA-SEQ-06.png,1.0,0.9798,0.62395,0.392775,"[1.0, 1.0, 0.9798, 0.9798, 0.7883, 0.4596, 0.4059, 0.3884, 0.1977, 0.0]","['PLA-SEQ-01.png', 'PLA-SEQ-00.png', 'PLA-SEQ-03.png', 'PLA-SEQ-02.png', 'PLA-SEQ-04.png', 'PLA-SEQ-05.png', 'PLA-SEQ-07.png', 'PLA-SEQ-06.png', 'PLA-SEQ-08.png', 'PLA-SEQ-09.png']","['01', '00', '03', '02', '04', '05', '07', '06', '08', '09']","[0.0, 0.020199999999999996, 0.0, 0.1915, 0.3287, 0.053700000000000025, 0.01749999999999996, 0.19070000000000004, 0.1977]","[25, 50, 75]",['between 4 and 5'],"[(4, 5)]",['PLA-SEQ-01.png' 'PLA-SEQ-03.png' 'PLA-SEQ-04.png' 'PLA-SEQ-06.png'],61.6822429906542,38.31775700934579,PLA-SEQ-T00.png,PLA-SEQ-D01.png,PLA-SEQ-D02.png,PLA-SEQ-D03.png
67,plant,pine_med,0,1,3,7,PLA-PIE-02.png,PLA-PIE-00.png,PLA-PIE-03.png,PLA-PIE-08.png,1.0,0.7363,0.6763,0.21662499999999998,"[1.0, 0.7563, 0.7563, 0.6763, 0.6763, 0.6763, 0.442, 0.1415, 0.1381, 0.0]","['PLA-PIE-02.png', 'PLA-PIE-00.png', 'PLA-PIE-01.png', 'PLA-PIE-03.png', 'PLA-PIE-04.png', 'PLA-PIE-05.png', 'PLA-PIE-06.png', 'PLA-PIE-08.png', 'PLA-PIE-07.png', 'PLA-PIE-09.png']","['02', '00', '01', '03', '04', '05', '06', '08', '07', '09']","[0.24370000000000003, 0.0, 0.07999999999999996, 0.0, 0.0, 0.2343, 0.3005, 0.0033999999999999864, 0.1381]","[25, 50, 75]",['between 6 and 7'],"[(6, 7)]",['PLA-PIE-02.png' 'PLA-PIE-00.png' 'PLA-PIE-03.png' 'PLA-PIE-08.png'],62.616822429906534,37.38317757009346,PLA-PIE-T00.png,PLA-PIE-D01.png,PLA-PIE-D02.png,PLA-PIE-D03.png
68,landscape_element,mountain_glacier,1,2,4,7,LAN-MON-00.png,LAN-MON-01.png,LAN-MON-03.png,LAN-MON-06.png,0.4699,0.4601,0.3862,0.0603,"[1.0, 0.4699, 0.4601, 0.4601, 0.3862, 0.3862, 0.2694, 0.0603, 0.0108, 0.0]","['LAN-MON-09.png', 'LAN-MON-00.png', 'LAN-MON-01.png', 'LAN-MON-02.png', 'LAN-MON-03.png', 'LAN-MON-04.png', 'LAN-MON-05.png', 'LAN-MON-06.png', 'LAN-MON-07.png', 'LAN-MON-08.png']","['09', '00', '01', '02', '03', '04', '05', '06', '07', '08']","[0.5301, 0.009799999999999975, 0.0, 0.07390000000000002, 0.0, 0.11680000000000001, 0.20909999999999998, 0.0495, 0.0108]","[25, 50, 75]",[],[],['LAN-MON-00.png' 'LAN-MON-01.png' 'LAN-MON-03.png' 'LAN-MON-06.png'],63.55140186915887,36.44859813084112,LAN-MON-T00.png,LAN-MON-D01.png,LAN-MON-D02.png,LAN-MON-D03.png
69,building,lighthouse,0,1,4,7,BUI-LIG-02.png,BUI-LIG-00.png,BUI-LIG-04.png,BUI-LIG-07.png,1.0,0.90375,0.4671,0.30845,"[1.0, 0.9325, 0.9325, 0.8175, 0.4671, 0.4671, 0.3296, 0.3014, 0.0352, 0.0]","['BUI-LIG-02.png', 'BUI-LIG-00.png', 'BUI-LIG-01.png', 'BUI-LIG-03.png', 'BUI-LIG-04.png', 'BUI-LIG-05.png', 'BUI-LIG-06.png', 'BUI-LIG-07.png', 'BUI-LIG-09.png', 'BUI-LIG-08.png']","['02', '00', '01', '03', '04', '05', '06', '07', '09', '08']","[0.0675, 0.0, 0.11499999999999999, 0.3504, 0.0, 0.1375, 0.028200000000000003, 0.2662, 0.0352]","[25, 50, 75]",['between 3 and 4'],"[(3, 4)]",['BUI-LIG-02.png' 'BUI-LIG-00.png' 'BUI-LIG-04.png' 'BUI-LIG-07.png'],64.48598130841121,35.51401869158878,BUI-LIG-T00.png,BUI-LIG-D01.png,BUI-LIG-D02.png,BUI-LIG-D03.png
70,building,cabin,0,1,3,7,BUI-CAB-08.png,BUI-CAB-06.png,BUI-CAB-01.png,BUI-CAB-04.png,1.0,0.86785,0.47195,0.383,"[1.0, 0.9998, 0.9998, 0.472, 0.472, 0.4719, 0.4124, 0.3732, 0.343, 0.0]","['BUI-CAB-08.png', 'BUI-CAB-06.png', 'BUI-CAB-07.png', 'BUI-CAB-01.png', 'BUI-CAB-00.png', 'BUI-CAB-02.png', 'BUI-CAB-03.png', 'BUI-CAB-04.png', 'BUI-CAB-05.png', 'BUI-CAB-09.png']","['08', '06', '07', '01', '00', '02', '03', '04', '05', '09']","[0.00019999999999997797, 0.0, 0.5278, 0.0, 9.999999999998899e-05, 0.0595, 0.03920000000000001, 0.03019999999999995, 0.343]","[25, 50, 75]",['between 2 and 3'],"[(2, 3)]",['BUI-CAB-08.png' 'BUI-CAB-06.png' 'BUI-CAB-01.png' 'BUI-CAB-04.png'],65.42056074766354,34.57943925233645,BUI-CAB-T00.png,BUI-CAB-D01.png,BUI-CAB-D02.png,BUI-CAB-D03.png
71,building,greenhouse,0,1,3,7,BUI-GRE-09.png,BUI-GRE-08.png,BUI-GRE-02.png,BUI-GRE-05.png,1.0,0.4273,0.4273,0.242325,"[1.0, 0.8762, 0.4273, 0.4273, 0.4273, 0.4273, 0.3309, 0.2128, 0.1784, 0.0]","['BUI-GRE-09.png', 'BUI-GRE-08.png', 'BUI-GRE-00.png', 'BUI-GRE-02.png', 'BUI-GRE-01.png', 'BUI-GRE-03.png', 'BUI-GRE-04.png', 'BUI-GRE-05.png', 'BUI-GRE-06.png', 'BUI-GRE-07.png']","['09', '08', '00', '02', '01', '03', '04', '05', '06', '07']","[0.12380000000000002, 0.44889999999999997, 0.0, 0.0, 0.0, 0.09639999999999999, 0.11810000000000004, 0.034399999999999986, 0.1784]","[25, 50, 75]",['between 1 and 2'],"[(1, 2)]",['BUI-GRE-09.png' 'BUI-GRE-08.png' 'BUI-GRE-02.png' 'BUI-GRE-05.png'],66.35514018691589,33.64485981308411,BUI-GRE-T00.png,BUI-GRE-D01.png,BUI-GRE-D02.png,BUI-GRE-D03.png
72,building,igloo,0,2,3,7,BUI-IGL-01.png,BUI-IGL-04.png,BUI-IGL-03.png,BUI-IGL-07.png,1.0,0.918425,0.83165,0.393325,"[1.0, 0.9791, 0.9216, 0.9089, 0.9089, 0.7544, 0.4237, 0.3832, 0.2894, 0.0]","['BUI-IGL-01.png', 'BUI-IGL-00.png', 'BUI-IGL-04.png', 'BUI-IGL-03.png', 'BUI-IGL-02.png', 'BUI-IGL-05.png', 'BUI-IGL-06.png', 'BUI-IGL-07.png', 'BUI-IGL-08.png', 'BUI-IGL-09.png']","['01', '00', '04', '03', '02', '05', '06', '07', '08', '09']","[0.02090000000000003, 0.057499999999999996, 0.012699999999999934, 0.0, 0.15450000000000008, 0.33069999999999994, 0.040500000000000036, 0.0938, 0.2894]","[25, 50, 75]",['between 5 and 6'],"[(5, 6)]",['BUI-IGL-01.png' 'BUI-IGL-04.png' 'BUI-IGL-03.png' 'BUI-IGL-07.png'],67.28971962616822,32.71028037383177,BUI-IGL-T00.png,BUI-IGL-D01.png,BUI-IGL-D02.png,BUI-IGL-D03.png
73,building,polar_base,0,1,4,7,BUI-POA-01.png,BUI-POA-00.png,BUI-POA-04.png,BUI-POA-07.png,1.0,0.949775,0.7382500000000001,0.5234,"[1.0, 1.0, 1.0, 0.7991, 0.777, 0.6995, 0.6995, 0.4647, 0.4411, 0.0]","['BUI-POA-01.png', 'BUI-POA-00.png', 'BUI-POA-02.png', 'BUI-POA-03.png', 'BUI-POA-04.png', 'BUI-POA-06.png', 'BUI-POA-05.png', 'BUI-POA-07.png', 'BUI-POA-08.png', 'BUI-POA-09.png']","['01', '00', '02', '03', '04', '06', '05', '07', '08', '09']","[0.0, 0.0, 0.20089999999999997, 0.02210000000000001, 0.07750000000000001, 0.0, 0.2348, 0.02360000000000001, 0.4411]","[25, 50, 75]",[],[],['BUI-POA-01.png' 'BUI-POA-00.png' 'BUI-POA-04.png' 'BUI-POA-07.png'],68.22429906542055,31.775700934579437,BUI-POA-T00.png,BUI-POA-D01.png,BUI-POA-D02.png,BUI-POA-D03.png
74,plant,eucalyptus,0,2,3,7,PLA-EUC-00.png,PLA-EUC-02.png,PLA-EUC-03.png,PLA-EUC-07.png,1.0,0.791825,0.73195,0.45189999999999997,"[1.0, 0.9536, 0.7986, 0.7715, 0.7715, 0.6924, 0.586, 0.4072, 0.2368, 0.0]","['PLA-EUC-00.png', 'PLA-EUC-01.png', 'PLA-EUC-02.png', 'PLA-EUC-03.png', 'PLA-EUC-04.png', 'PLA-EUC-05.png', 'PLA-EUC-06.png', 'PLA-EUC-07.png', 'PLA-EUC-08.png', 'PLA-EUC-09.png']","['00', '01', '02', '03', '04', '05', '06', '07', '08', '09']","[0.0464, 0.15500000000000003, 0.027100000000000013, 0.0, 0.07909999999999995, 0.10640000000000005, 0.17879999999999996, 0.1704, 0.2368]","[25, 50, 75]",[],[],['PLA-EUC-00.png' 'PLA-EUC-02.png' 'PLA-EUC-03.png' 'PLA-EUC-07.png'],69.1588785046729,30.8411214953271,PLA-EUC-T00.png,PLA-EUC-D01.png,PLA-EUC-D02.png,PLA-EUC-D03.png
75,vehicle,campervan,0,2,4,7,VEH-CAM-00.png,VEH-CAM-02.png,VEH-CAM-04.png,VEH-CAM-07.png,1.0,0.935175,0.82575,0.61555,"[1.0, 1.0, 0.963, 0.8517, 0.8258, 0.8257, 0.8257, 0.5455, 0.2985, 0.0]","['VEH-CAM-00.png', 'VEH-CAM-01.png', 'VEH-CAM-02.png', 'VEH-CAM-03.png', 'VEH-CAM-04.png', 'VEH-CAM-05.png', 'VEH-CAM-06.png', 'VEH-CAM-07.png', 'VEH-CAM-08.png', 'VEH-CAM-09.png']","['00', '01', '02', '03', '04', '05', '06', '07', '08', '09']","[0.0, 0.03700000000000003, 0.11129999999999995, 0.025900000000000034, 9.999999999998899e-05, 0.0, 0.2802, 0.247, 0.2985]","[25, 50, 75]",[],[],['VEH-CAM-00.png' 'VEH-CAM-02.png' 'VEH-CAM-04.png' 'VEH-CAM-07.png'],70.09345794392523,29.906542056074763,VEH-CAM-T00.png,VEH-CAM-D01.png,VEH-CAM-D02.png,VEH-CAM-D03.png
76,vehicle,motorcycle,0,2,4,7,VEH-MOR-00.png,VEH-MOR-03.png,VEH-MOR-04.png,VEH-MOR-08.png,1.0,0.9527,0.74195,0.38495,"[1.0, 0.9718, 0.9527, 0.9527, 0.8458, 0.6381, 0.4514, 0.3628, 0.2937, 0.0]","['VEH-MOR-00.png', 'VEH-MOR-02.png', 'VEH-MOR-03.png', 'VEH-MOR-01.png', 'VEH-MOR-04.png', 'VEH-MOR-05.png', 'VEH-MOR-06.png', 'VEH-MOR-08.png', 'VEH-MOR-07.png', 'VEH-MOR-09.png']","['00', '02', '03', '01', '04', '05', '06', '08', '07', '09']","[0.028200000000000003, 0.019100000000000006, 0.0, 0.1069, 0.2077, 0.18669999999999998, 0.08860000000000001, 0.0691, 0.2937]","[25, 50, 75]",[],[],['VEH-MOR-00.png' 'VEH-MOR-03.png' 'VEH-MOR-04.png' 'VEH-MOR-08.png'],71.02803738317756,28.971962616822427,VEH-MOR-T00.png,VEH-MOR-D01.png,VEH-MOR-D02.png,VEH-MOR-D03.png
77,landscape_element,desert_arch,0,2,5,7,LAN-DES-00.png,LAN-DES-02.png,LAN-DES-05.png,LAN-DES-07.png,1.0,0.959825,0.6698,0.31294999999999995,"[1.0, 0.9891, 0.9777, 0.9062, 0.7115, 0.6281, 0.3848, 0.289, 0.1207, 0.0]","['LAN-DES-00.png', 'LAN-DES-01.png', 'LAN-DES-02.png', 'LAN-DES-03.png', 'LAN-DES-04.png', 'LAN-DES-05.png', 'LAN-DES-06.png', 'LAN-DES-07.png', 'LAN-DES-08.png', 'LAN-DES-09.png']","['00', '01', '02', '03', '04', '05', '06', '07', '08', '09']","[0.01090000000000002, 0.011399999999999966, 0.07150000000000001, 0.19469999999999998, 0.08340000000000003, 0.24330000000000002, 0.0958, 0.16829999999999998, 0.1207]","[25, 50, 75]",[],[],['LAN-DES-00.png' 'LAN-DES-02.png' 'LAN-DES-05.png' 'LAN-DES-07.png'],71.96261682242991,28.037383177570092,LAN-DES-T00.png,LAN-DES-D01.png,LAN-DES-D02.png,LAN-DES-D03.png
78,plant,cherry,0,1,4,7,PLA-CHE-04.png,PLA-CHE-06.png,PLA-CHE-01.png,PLA-CHE-07.png,1.0,0.8686,0.6975,0.63015,"[1.0, 0.9207, 0.9207, 0.7123, 0.6975, 0.6975, 0.6975, 0.6077, 0.3653, 0.0]","['PLA-CHE-04.png', 'PLA-CHE-06.png', 'PLA-CHE-05.png', 'PLA-CHE-03.png', 'PLA-CHE-01.png', 'PLA-CHE-00.png', 'PLA-CHE-02.png', 'PLA-CHE-07.png', 'PLA-CHE-08.png', 'PLA-CHE-09.png']","['04', '06', '05', '03', '01', '00', '02', '07', '08', '09']","[0.07930000000000004, 0.0, 0.20839999999999992, 0.014800000000000035, 0.0, 0.0, 0.08979999999999999, 0.2424, 0.3653]","[25, 50, 75]",[],[],['PLA-CHE-04.png' 'PLA-CHE-06.png' 'PLA-CHE-01.png' 'PLA-CHE-07.png'],72.89719626168224,27.102803738317753,PLA-CHE-T00.png,PLA-CHE-D01.png,PLA-CHE-D02.png,PLA-CHE-D03.png
79,landscape_element,moorland_tor,0,2,3,6,LAN-MOO-05.png,LAN-MOO-02.png,LAN-MOO-03.png,LAN-MOO-08.png,1.0,0.424025,0.2951,0.1422,"[1.0, 0.78, 0.467, 0.2951, 0.2951, 0.2951, 0.1422, 0.1422, 0.054, 0.0]","['LAN-MOO-05.png', 'LAN-MOO-04.png', 'LAN-MOO-02.png', 'LAN-MOO-03.png', 'LAN-MOO-01.png', 'LAN-MOO-00.png', 'LAN-MOO-08.png', 'LAN-MOO-07.png', 'LAN-MOO-06.png', 'LAN-MOO-09.png']","['05', '04', '02', '03', '01', '00', '08', '07', '06', '09']","[0.21999999999999997, 0.313, 0.17190000000000005, 0.0, 0.0, 0.15289999999999998, 0.0, 0.0882, 0.054]","[25, 50, 75]",['between 1 and 2'],"[(1, 2)]",['LAN-MOO-05.png' 'LAN-MOO-02.png' 'LAN-MOO-03.png' 'LAN-MOO-08.png'],73.83177570093457,26.168224299065418,LAN-MOO-T00.png,LAN-MOO-D01.png,LAN-MOO-D02.png,LAN-MOO-D03.png
80,animal,penguin,0,2,3,7,ANI-PEN-06.png,ANI-PEN-04.png,ANI-PEN-03.png,ANI-PEN-09.png,1.0,0.797825,0.78025,0.397475,"[1.0, 0.984, 0.8024, 0.7841, 0.7841, 0.7764, 0.7763, 0.2712, 0.0158, 0.0]","['ANI-PEN-06.png', 'ANI-PEN-05.png', 'ANI-PEN-04.png', 'ANI-PEN-03.png', 'ANI-PEN-02.png', 'ANI-PEN-01.png', 'ANI-PEN-00.png', 'ANI-PEN-09.png', 'ANI-PEN-07.png', 'ANI-PEN-08.png']","['06', '05', '04', '03', '02', '01', '00', '09', '07', '08']","[0.016000000000000014, 0.18159999999999998, 0.018299999999999983, 0.0, 0.00770000000000004, 9.999999999998899e-05, 0.5051, 0.2554, 0.0158]","[25, 50, 75]",['between 6 and 7'],"[(6, 7)]",['ANI-PEN-06.png' 'ANI-PEN-04.png' 'ANI-PEN-03.png' 'ANI-PEN-09.png'],74.76635514018692,25.233644859813083,ANI-PEN-T00.png,ANI-PEN-D01.png,ANI-PEN-D02.png,ANI-PEN-D03.png
81,plant,olive,0,2,4,7,PLA-OLI-01.png,PLA-OLI-02.png,PLA-OLI-04.png,PLA-OLI-07.png,1.0,0.9239,0.57975,0.299875,"[1.0, 0.9851, 0.9239, 0.9239, 0.6243, 0.5352, 0.4711, 0.2428, 0.2093, 0.0]","['PLA-OLI-01.png', 'PLA-OLI-00.png', 'PLA-OLI-02.png', 'PLA-OLI-03.png', 'PLA-OLI-04.png', 'PLA-OLI-05.png', 'PLA-OLI-06.png', 'PLA-OLI-07.png', 'PLA-OLI-08.png', 'PLA-OLI-09.png']","['01', '00', '02', '03', '04', '05', '06', '07', '08', '09']","[0.014900000000000024, 0.06119999999999992, 0.0, 0.2996000000000001, 0.08909999999999996, 0.06409999999999999, 0.22830000000000003, 0.033499999999999974, 0.2093]","[25, 50, 75]",['between 3 and 4'],"[(3, 4)]",['PLA-OLI-01.png' 'PLA-OLI-02.png' 'PLA-OLI-04.png' 'PLA-OLI-07.png'],75.70093457943925,24.299065420560748,PLA-OLI-T00.png,PLA-OLI-D01.png,PLA-OLI-D02.png,PLA-OLI-D03.png
82,plant,kapok,0,2,4,7,PLA-KAP-01.png,PLA-KAP-02.png,PLA-KAP-04.png,PLA-KAP-07.png,1.0,0.938825,0.7846500000000001,0.399625,"[1.0, 1.0, 0.9496, 0.9065, 0.8285, 0.7408, 0.4717, 0.3756, 0.3288, 0.0]","['PLA-KAP-01.png', 'PLA-KAP-00.png', 'PLA-KAP-02.png', 'PLA-KAP-03.png', 'PLA-KAP-04.png', 'PLA-KAP-05.png', 'PLA-KAP-06.png', 'PLA-KAP-07.png', 'PLA-KAP-08.png', 'PLA-KAP-09.png']","['01', '00', '02', '03', '04', '05', '06', '07', '08', '09']","[0.0, 0.0504, 0.04310000000000003, 0.07799999999999996, 0.0877, 0.2691, 0.09610000000000002, 0.04680000000000001, 0.3288]","[25, 50, 75]",[],[],['PLA-KAP-01.png' 'PLA-KAP-02.png' 'PLA-KAP-04.png' 'PLA-KAP-07.png'],76.63551401869158,23.364485981308412,PLA-KAP-T00.png,PLA-KAP-D01.png,PLA-KAP-D02.png,PLA-KAP-D03.png
83,item,wheelbarrow,0,2,5,7,ITE-WHE-00.png,ITE-WHE-02.png,ITE-WHE-05.png,ITE-WHE-07.png,1.0,0.9095,0.6261,0.330975,"[1.0, 1.0, 0.9095, 0.9095, 0.7549, 0.4973, 0.3609, 0.321, 0.232, 0.0]","['ITE-WHE-00.png', 'ITE-WHE-01.png', 'ITE-WHE-02.png', 'ITE-WHE-03.png', 'ITE-WHE-04.png', 'ITE-WHE-05.png', 'ITE-WHE-06.png', 'ITE-WHE-07.png', 'ITE-WHE-08.png', 'ITE-WHE-09.png']","['00', '01', '02', '03', '04', '05', '06', '07', '08', '09']","[0.0, 0.09050000000000002, 0.0, 0.15459999999999996, 0.2576, 0.13640000000000002, 0.03989999999999999, 0.089, 0.232]","[25, 50, 75]",[],[],['ITE-WHE-00.png' 'ITE-WHE-02.png' 'ITE-WHE-05.png' 'ITE-WHE-07.png'],77.57009345794393,22.429906542056074,ITE-WHE-T00.png,ITE-WHE-D01.png,ITE-WHE-D02.png,ITE-WHE-D03.png
84,building,adobe_house,0,2,5,7,BUI-ADO-01.png,BUI-ADO-02.png,BUI-ADO-05.png,BUI-ADO-07.png,1.0,0.9633499999999999,0.9382999999999999,0.526375,"[1.0, 0.9713, 0.9688, 0.947, 0.947, 0.9296, 0.8416, 0.4213, 0.1469, 0.0]","['BUI-ADO-01.png', 'BUI-ADO-00.png', 'BUI-ADO-02.png', 'BUI-ADO-04.png', 'BUI-ADO-03.png', 'BUI-ADO-05.png', 'BUI-ADO-06.png', 'BUI-ADO-07.png', 'BUI-ADO-08.png', 'BUI-ADO-09.png']","['01', '00', '02', '04', '03', '05', '06', '07', '08', '09']","[0.028699999999999948, 0.0025000000000000577, 0.02180000000000004, 0.0, 0.01739999999999997, 0.08799999999999997, 0.4203, 0.2744, 0.1469]","[25, 50, 75]",['between 6 and 7'],"[(6, 7)]",['BUI-ADO-01.png' 'BUI-ADO-02.png' 'BUI-ADO-05.png' 'BUI-ADO-07.png'],78.50467289719626,21.49532710280374,BUI-ADO-T00.png,BUI-ADO-D01.png,BUI-ADO-D02.png,BUI-ADO-D03.png
85,building,observatory,0,2,3,7,BUI-OBS-00.png,BUI-OBS-07.png,BUI-OBS-04.png,BUI-OBS-06.png,1.0,0.854725,0.7351,0.6913,"[1.0, 1.0, 0.8946, 0.7351, 0.7351, 0.7351, 0.6964, 0.6896, 0.1154, 0.0]","['BUI-OBS-00.png', 'BUI-OBS-01.png', 'BUI-OBS-07.png', 'BUI-OBS-04.png', 'BUI-OBS-05.png', 'BUI-OBS-03.png', 'BUI-OBS-02.png', 'BUI-OBS-06.png', 'BUI-OBS-09.png', 'BUI-OBS-08.png']","['00', '01', '07', '04', '05', '03', '02', '06', '09', '08']","[0.0, 0.10540000000000005, 0.15949999999999998, 0.0, 0.0, 0.03869999999999996, 0.006800000000000028, 0.5742, 0.1154]","[25, 50, 75]",['between 7 and 8'],"[(7, 8)]",['BUI-OBS-00.png' 'BUI-OBS-07.png' 'BUI-OBS-04.png' 'BUI-OBS-06.png'],79.43925233644859,20.5607476635514,BUI-OBS-T00.png,BUI-OBS-D01.png,BUI-OBS-D02.png,BUI-OBS-D03.png
86,plant,maple,1,3,5,7,PLA-MAP-03.png,PLA-MAP-00.png,PLA-MAP-05.png,PLA-MAP-07.png,0.6652,0.5235,0.5017,0.3318,"[1.0, 0.6652, 0.5448, 0.5235, 0.5235, 0.5017, 0.4829, 0.3318, 0.0614, 0.0]","['PLA-MAP-04.png', 'PLA-MAP-03.png', 'PLA-MAP-02.png', 'PLA-MAP-00.png', 'PLA-MAP-01.png', 'PLA-MAP-05.png', 'PLA-MAP-06.png', 'PLA-MAP-07.png', 'PLA-MAP-08.png', 'PLA-MAP-09.png']","['04', '03', '02', '00', '01', '05', '06', '07', '08', '09']","[0.3348, 0.12040000000000006, 0.021299999999999986, 0.0, 0.02179999999999993, 0.01880000000000004, 0.1511, 0.2704, 0.0614]","[25, 50, 75]",[],[],['PLA-MAP-03.png' 'PLA-MAP-00.png' 'PLA-MAP-05.png' 'PLA-MAP-07.png'],80.37383177570094,19.626168224299064,PLA-MAP-T00.png,PLA-MAP-D01.png,PLA-MAP-D02.png,PLA-MAP-D03.png
87,plant,magnolia,1,2,5,7,PLA-MAG-01.png,PLA-MAG-00.png,PLA-MAG-05.png,PLA-MAG-06.png,0.5494,0.5494,0.3666,0.1803,"[1.0, 0.5494, 0.5494, 0.5494, 0.5493, 0.3666, 0.2601, 0.1803, 0.0358, -0.0]","['PLA-MAG-09.png', 'PLA-MAG-01.png', 'PLA-MAG-00.png', 'PLA-MAG-02.png', 'PLA-MAG-03.png', 'PLA-MAG-05.png', 'PLA-MAG-04.png', 'PLA-MAG-06.png', 'PLA-MAG-08.png', 'PLA-MAG-07.png']","['09', '01', '00', '02', '03', '05', '04', '06', '08', '07']","[0.4506, 0.0, 0.0, 9.999999999998899e-05, 0.18270000000000003, 0.10649999999999998, 0.07980000000000001, 0.1445, 0.0358]","[25, 50, 75]",[],[],['PLA-MAG-01.png' 'PLA-MAG-00.png' 'PLA-MAG-05.png' 'PLA-MAG-06.png'],81.30841121495327,18.69158878504673,PLA-MAG-T00.png,PLA-MAG-D01.png,PLA-MAG-D02.png,PLA-MAG-D03.png
88,building,farm,0,2,5,7,BUI-FAR-00.png,BUI-FAR-02.png,BUI-FAR-05.png,BUI-FAR-06.png,1.0,0.860825,0.6648499999999999,0.149075,"[1.0, 0.9999, 0.8729, 0.8246, 0.8089, 0.5208, 0.4445, 0.0506, 0.0016, 0.0]","['BUI-FAR-00.png', 'BUI-FAR-01.png', 'BUI-FAR-02.png', 'BUI-FAR-03.png', 'BUI-FAR-04.png', 'BUI-FAR-05.png', 'BUI-FAR-09.png', 'BUI-FAR-06.png', 'BUI-FAR-07.png', 'BUI-FAR-08.png']","['00', '01', '02', '03', '04', '05', '09', '06', '07', '08']","[9.999999999998899e-05, 0.127, 0.04830000000000001, 0.015700000000000047, 0.2880999999999999, 0.07630000000000003, 0.39390000000000003, 0.049, 0.0016]","[25, 50, 75]",['between 6 and 7'],"[(6, 7)]",['BUI-FAR-00.png' 'BUI-FAR-02.png' 'BUI-FAR-05.png' 'BUI-FAR-06.png'],82.2429906542056,17.75700934579439,BUI-FAR-T00.png,BUI-FAR-D01.png,BUI-FAR-D02.png,BUI-FAR-D03.png
89,plant,baobab,0,2,5,7,PLA-BAO-00.png,PLA-BAO-02.png,PLA-BAO-05.png,PLA-BAO-07.png,1.0,0.96405,0.70715,0.25577500000000003,"[1.0, 1.0, 0.9849, 0.9015, 0.8416, 0.5727, 0.3451, 0.226, 0.0445, 0.0]","['PLA-BAO-00.png', 'PLA-BAO-01.png', 'PLA-BAO-02.png', 'PLA-BAO-03.png', 'PLA-BAO-04.png', 'PLA-BAO-05.png', 'PLA-BAO-06.png', 'PLA-BAO-07.png', 'PLA-BAO-08.png', 'PLA-BAO-09.png']","['00', '01', '02', '03', '04', '05', '06', '07', '08', '09']","[0.0, 0.015100000000000002, 0.08340000000000003, 0.05989999999999995, 0.26890000000000003, 0.22759999999999997, 0.11910000000000001, 0.1815, 0.0445]","[25, 50, 75]",[],[],['PLA-BAO-00.png' 'PLA-BAO-02.png' 'PLA-BAO-05.png' 'PLA-BAO-07.png'],83.17757009345794,15.887850467289718,PLA-BAO-T00.png,PLA-BAO-D01.png,PLA-BAO-D02.png,PLA-BAO-D03.png
90,vehicle,fishing_boat,0,2,5,7,VEH-FIH-01.png,VEH-FIH-02.png,VEH-FIH-05.png,VEH-FIH-07.png,1.0,0.8686,0.7838499999999999,0.443625,"[1.0, 1.0, 0.8686, 0.8686, 0.849, 0.7187, 0.4932, 0.4271, 0.3201, 0.0]","['VEH-FIH-01.png', 'VEH-FIH-00.png', 'VEH-FIH-02.png', 'VEH-FIH-04.png', 'VEH-FIH-03.png', 'VEH-FIH-05.png', 'VEH-FIH-06.png', 'VEH-FIH-07.png', 'VEH-FIH-08.png', 'VEH-FIH-09.png']","['01', '00', '02', '04', '03', '05', '06', '07', '08', '09']","[0.0, 0.13139999999999996, 0.0, 0.019600000000000062, 0.13029999999999997, 0.22549999999999998, 0.06610000000000005, 0.10699999999999998, 0.3201]","[25, 50, 75]",[],[],['VEH-FIH-01.png' 'VEH-FIH-02.png' 'VEH-FIH-05.png' 'VEH-FIH-07.png'],83.17757009345794,15.887850467289718,VEH-FIH-T00.png,VEH-FIH-D01.png,VEH-FIH-D02.png,VEH-FIH-D03.png
91,vehicle,seaplane,0,2,5,7,VEH-SEP-00.png,VEH-SEP-02.png,VEH-SEP-09.png,VEH-SEP-06.png,1.0,0.922725,0.6407499999999999,0.0822,"[1.0, 1.0, 0.9803, 0.75, 0.7321, 0.5494, 0.1332, 0.0652, 0.0651, 0.0]","['VEH-SEP-00.png', 'VEH-SEP-01.png', 'VEH-SEP-02.png', 'VEH-SEP-03.png', 'VEH-SEP-04.png', 'VEH-SEP-09.png', 'VEH-SEP-08.png', 'VEH-SEP-06.png', 'VEH-SEP-07.png', 'VEH-SEP-05.png']","['00', '01', '02', '03', '04', '09', '08', '06', '07', '05']","[0.0, 0.01970000000000005, 0.23029999999999995, 0.017900000000000027, 0.18269999999999997, 0.4162, 0.06800000000000002, 9.999999999998899e-05, 0.0651]","[25, 50, 75]",['between 5 and 6'],"[(5, 6)]",['VEH-SEP-00.png' 'VEH-SEP-02.png' 'VEH-SEP-09.png' 'VEH-SEP-06.png'],85.04672897196261,14.953271028037381,VEH-SEP-T00.png,VEH-SEP-D01.png,VEH-SEP-D02.png,VEH-SEP-D03.png
92,building,bamboo_house,0,1,3,7,BUI-BAM-04.png,BUI-BAM-05.png,BUI-BAM-03.png,BUI-BAM-07.png,1.0,0.8016,0.8016,0.457025,"[1.0, 0.9121, 0.8016, 0.8016, 0.8016, 0.8016, 0.7367, 0.3638, 0.3594, 0.0]","['BUI-BAM-04.png', 'BUI-BAM-05.png', 'BUI-BAM-01.png', 'BUI-BAM-03.png', 'BUI-BAM-02.png', 'BUI-BAM-00.png', 'BUI-BAM-06.png', 'BUI-BAM-07.png', 'BUI-BAM-08.png', 'BUI-BAM-09.png']","['04', '05', '01', '03', '02', '00', '06', '07', '08', '09']","[0.08789999999999998, 0.11050000000000004, 0.0, 0.0, 0.0, 0.06489999999999996, 0.3729, 0.004400000000000015, 0.3594]","[25, 50, 75]",['between 6 and 7'],"[(6, 7)]",['BUI-BAM-04.png' 'BUI-BAM-05.png' 'BUI-BAM-03.png' 'BUI-BAM-07.png'],85.98130841121495,14.018691588785046,BUI-BAM-T00.png,BUI-BAM-D01.png,BUI-BAM-D02.png,BUI-BAM-D03.png
93,plant,dragon_tree,0,2,4,7,PLA-DRA-00.png,PLA-DRA-02.png,PLA-DRA-08.png,PLA-DRA-05.png,1.0,0.704025,0.46125,0.1459,"[1.0, 0.9475, 0.7681, 0.5118, 0.4728, 0.4497, 0.1654, 0.1394, 0.0, 0.0]","['PLA-DRA-00.png', 'PLA-DRA-01.png', 'PLA-DRA-02.png', 'PLA-DRA-09.png', 'PLA-DRA-08.png', 'PLA-DRA-07.png', 'PLA-DRA-06.png', 'PLA-DRA-05.png', 'PLA-DRA-04.png', 'PLA-DRA-03.png']","['00', '01', '02', '09', '08', '07', '06', '05', '04', '03']","[0.05249999999999999, 0.1794, 0.2563, 0.039000000000000035, 0.02310000000000001, 0.2843, 0.025999999999999995, 0.1394, 0.0]","[25, 50, 75]",[],[],['PLA-DRA-00.png' 'PLA-DRA-02.png' 'PLA-DRA-08.png' 'PLA-DRA-05.png'],86.91588785046729,13.084112149532709,PLA-DRA-T00.png,PLA-DRA-D01.png,PLA-DRA-D02.png,PLA-DRA-D03.png
94,vehicle,sailboat,0,2,4,7,VEH-SAI-08.png,VEH-SAI-09.png,VEH-SAI-02.png,VEH-SAI-04.png,1.0,0.6980999999999999,0.5102,0.37485,"[1.0, 0.926, 0.7219, 0.6267, 0.5102, 0.5102, 0.4305, 0.3563, 0.0931, 0.0]","['VEH-SAI-08.png', 'VEH-SAI-05.png', 'VEH-SAI-09.png', 'VEH-SAI-00.png', 'VEH-SAI-02.png', 'VEH-SAI-01.png', 'VEH-SAI-03.png', 'VEH-SAI-04.png', 'VEH-SAI-06.png', 'VEH-SAI-07.png']","['08', '05', '09', '00', '02', '01', '03', '04', '06', '07']","[0.07399999999999995, 0.20410000000000006, 0.09519999999999995, 0.11650000000000005, 0.0, 0.0797, 0.07419999999999999, 0.2632, 0.0931]","[25, 50, 75]",[],[],['VEH-SAI-08.png' 'VEH-SAI-09.png' 'VEH-SAI-02.png' 'VEH-SAI-04.png'],87.85046728971963,12.149532710280374,VEH-SAI-T00.png,VEH-SAI-D01.png,VEH-SAI-D02.png,VEH-SAI-D03.png
95,building,skyscraper,1,2,5,7,BUI-SKY-01.png,BUI-SKY-00.png,BUI-SKY-03.png,BUI-SKY-05.png,0.6488,0.6488,0.537,0.2791,"[1.0, 0.6488, 0.6488, 0.6488, 0.608, 0.537, 0.3527, 0.2791, 0.0004, 0.0]","['BUI-SKY-09.png', 'BUI-SKY-01.png', 'BUI-SKY-00.png', 'BUI-SKY-02.png', 'BUI-SKY-04.png', 'BUI-SKY-03.png', 'BUI-SKY-08.png', 'BUI-SKY-05.png', 'BUI-SKY-07.png', 'BUI-SKY-06.png']","['09', '01', '00', '02', '04', '03', '08', '05', '07', '06']","[0.35119999999999996, 0.0, 0.0, 0.04080000000000006, 0.07099999999999995, 0.18430000000000002, 0.0736, 0.2787, 0.0004]","[25, 50, 75]",[],[],['BUI-SKY-01.png' 'BUI-SKY-00.png' 'BUI-SKY-03.png' 'BUI-SKY-05.png'],88.78504672897196,11.214953271028037,BUI-SKY-T00.png,BUI-SKY-D01.png,BUI-SKY-D02.png,BUI-SKY-D03.png
96,item,shovel,1,3,5,7,ITE-SHO-00.png,ITE-SHO-02.png,ITE-SHO-04.png,ITE-SHO-06.png,0.6969,0.6462,0.4091,0.2891,"[1.0, 0.6969, 0.6969, 0.6462, 0.5137, 0.4091, 0.3558, 0.2891, 0.2557, 0.0]","['ITE-SHO-08.png', 'ITE-SHO-00.png', 'ITE-SHO-01.png', 'ITE-SHO-02.png', 'ITE-SHO-03.png', 'ITE-SHO-04.png', 'ITE-SHO-05.png', 'ITE-SHO-06.png', 'ITE-SHO-07.png', 'ITE-SHO-09.png']","['08', '00', '01', '02', '03', '04', '05', '06', '07', '09']","[0.30310000000000004, 0.0, 0.05069999999999997, 0.13249999999999995, 0.10460000000000003, 0.053300000000000014, 0.06669999999999998, 0.03340000000000004, 0.2557]","[25, 50, 75]",[],[],['ITE-SHO-00.png' 'ITE-SHO-02.png' 'ITE-SHO-04.png' 'ITE-SHO-06.png'],89.7196261682243,10.2803738317757,ITE-SHO-T00.png,ITE-SHO-D01.png,ITE-SHO-D02.png,ITE-SHO-D03.png
97,plant,willow,0,2,4,7,PLA-WIL-00.png,PLA-WIL-02.png,PLA-WIL-04.png,PLA-WIL-09.png,1.0,0.822325,0.6125,0.33235,"[1.0, 0.9166, 0.8396, 0.7705, 0.6613, 0.5637, 0.4096, 0.3066, 0.1824, 0.0]","['PLA-WIL-00.png', 'PLA-WIL-01.png', 'PLA-WIL-02.png', 'PLA-WIL-03.png', 'PLA-WIL-04.png', 'PLA-WIL-05.png', 'PLA-WIL-06.png', 'PLA-WIL-09.png', 'PLA-WIL-07.png', 'PLA-WIL-08.png']","['00', '01', '02', '03', '04', '05', '06', '09', '07', '08']","[0.08340000000000003, 0.07699999999999996, 0.06910000000000005, 0.10919999999999996, 0.09760000000000002, 0.15409999999999996, 0.10300000000000004, 0.12419999999999998, 0.1824]","[25, 50, 75]",[],[],['PLA-WIL-00.png' 'PLA-WIL-02.png' 'PLA-WIL-04.png' 'PLA-WIL-09.png'],90.65420560747664,9.345794392523365,PLA-WIL-T00.png,PLA-WIL-D01.png,PLA-WIL-D02.png,PLA-WIL-D03.png
98,building,windmill,0,2,4,6,BUI-WIN-00.png,BUI-WIN-02.png,BUI-WIN-04.png,BUI-WIN-07.png,1.0,0.8115249999999999,0.6782,0.3589,"[1.0, 0.9629, 0.8269, 0.7654, 0.7317, 0.6247, 0.3589, 0.3589, 0.0816, 0.0]","['BUI-WIN-00.png', 'BUI-WIN-01.png', 'BUI-WIN-02.png', 'BUI-WIN-03.png', 'BUI-WIN-04.png', 'BUI-WIN-05.png', 'BUI-WIN-07.png', 'BUI-WIN-06.png', 'BUI-WIN-08.png', 'BUI-WIN-09.png']","['00', '01', '02', '03', '04', '05', '07', '06', '08', '09']","[0.03710000000000002, 0.136, 0.0615, 0.03369999999999995, 0.10699999999999998, 0.26580000000000004, 0.0, 0.2773, 0.0816]","[25, 50, 75]",[],[],['BUI-WIN-00.png' 'BUI-WIN-02.png' 'BUI-WIN-04.png' 'BUI-WIN-07.png'],91.58878504672897,8.411214953271028,BUI-WIN-T00.png,BUI-WIN-D01.png,BUI-WIN-D02.png,BUI-WIN-D03.png
99,animal,owl,0,2,4,7,ANI-OWL-01.png,ANI-OWL-00.png,ANI-OWL-04.png,ANI-OWL-07.png,1.0,0.9647249999999999,0.8134,0.622725,"[1.0, 1.0, 0.9833, 0.909, 0.8485, 0.7783, 0.6732, 0.6059, 0.1944, -0.0]","['ANI-OWL-01.png', 'ANI-OWL-02.png', 'ANI-OWL-00.png', 'ANI-OWL-03.png', 'ANI-OWL-04.png', 'ANI-OWL-05.png', 'ANI-OWL-06.png', 'ANI-OWL-07.png', 'ANI-OWL-08.png', 'ANI-OWL-09.png']","['01', '02', '00', '03', '04', '05', '06', '07', '08', '09']","[0.0, 0.016700000000000048, 0.07429999999999992, 0.0605, 0.07020000000000004, 0.10509999999999997, 0.06730000000000003, 0.4115, 0.1944]","[25, 50, 75]",['between 7 and 8'],"[(7, 8)]",['ANI-OWL-01.png' 'ANI-OWL-00.png' 'ANI-OWL-04.png' 'ANI-OWL-07.png'],92.5233644859813,7.476635514018691,ANI-OWL-T00.png,ANI-OWL-D01.png,ANI-OWL-D02.png,ANI-OWL-D03.png
100,plant,pine,0,2,4,7,PLA-PIN-01.png,PLA-PIN-02.png,PLA-PIN-04.png,PLA-PIN-07.png,1.0,0.92535,0.80165,0.5573,"[1.0, 0.9893, 0.9328, 0.903, 0.8995, 0.7038, 0.6806, 0.5162, 0.2404, 0.0]","['PLA-PIN-01.png', 'PLA-PIN-00.png', 'PLA-PIN-02.png', 'PLA-PIN-03.png', 'PLA-PIN-04.png', 'PLA-PIN-05.png', 'PLA-PIN-06.png', 'PLA-PIN-07.png', 'PLA-PIN-08.png', 'PLA-PIN-09.png']","['01', '00', '02', '03', '04', '05', '06', '07', '08', '09']","[0.010700000000000043, 0.056499999999999995, 0.029799999999999938, 0.0035000000000000586, 0.19569999999999999, 0.0232, 0.1644, 0.2758, 0.2404]","[25, 50, 75]",[],[],['PLA-PIN-01.png' 'PLA-PIN-02.png' 'PLA-PIN-04.png' 'PLA-PIN-07.png'],93.45794392523365,6.5420560747663545,PLA-PIN-T00.png,PLA-PIN-D01.png,PLA-PIN-D02.png,PLA-PIN-D03.png
101,animal,frog,0,1,4,7,ANI-FRO-01.png,ANI-FRO-02.png,ANI-FRO-04.png,ANI-FRO-07.png,1.0,0.9835,0.74855,0.29995,"[1.0, 1.0, 1.0, 0.934, 0.8127, 0.6844, 0.6844, 0.1718, 0.0798, -0.0]","['ANI-FRO-01.png', 'ANI-FRO-02.png', 'ANI-FRO-00.png', 'ANI-FRO-03.png', 'ANI-FRO-04.png', 'ANI-FRO-05.png', 'ANI-FRO-06.png', 'ANI-FRO-07.png', 'ANI-FRO-08.png', 'ANI-FRO-09.png']","['01', '02', '00', '03', '04', '05', '06', '07', '08', '09']","[0.0, 0.0, 0.06599999999999995, 0.12130000000000007, 0.12829999999999997, 0.0, 0.5126, 0.09200000000000001, 0.0798]","[25, 50, 75]",['between 6 and 7'],"[(6, 7)]",['ANI-FRO-01.png' 'ANI-FRO-02.png' 'ANI-FRO-04.png' 'ANI-FRO-07.png'],94.39252336448598,4.672897196261682,ANI-FRO-T00.png,ANI-FRO-D01.png,ANI-FRO-D02.png,ANI-FRO-D03.png
102,plant,oak,0,1,4,7,PLA-OAK-00.png,PLA-OAK-02.png,PLA-OAK-04.png,PLA-OAK-07.png,1.0,0.8919250000000001,0.8017000000000001,0.40490000000000004,"[1.0, 0.9058, 0.9058, 0.8503, 0.8366, 0.7668, 0.6296, 0.33, 0.1208, 0.0]","['PLA-OAK-00.png', 'PLA-OAK-02.png', 'PLA-OAK-01.png', 'PLA-OAK-03.png', 'PLA-OAK-04.png', 'PLA-OAK-05.png', 'PLA-OAK-06.png', 'PLA-OAK-07.png', 'PLA-OAK-09.png', 'PLA-OAK-08.png']","['00', '02', '01', '03', '04', '05', '06', '07', '09', '08']","[0.09419999999999995, 0.0, 0.055500000000000105, 0.013699999999999934, 0.06979999999999997, 0.1372, 0.29960000000000003, 0.2092, 0.1208]","[25, 50, 75]",['between 6 and 7'],"[(6, 7)]",['PLA-OAK-00.png' 'PLA-OAK-02.png' 'PLA-OAK-04.png' 'PLA-OAK-07.png'],94.39252336448598,4.672897196261682,PLA-OAK-T00.png,PLA-OAK-D01.png,PLA-OAK-D02.png,PLA-OAK-D03.png
103,vehicle,offroad_vehicle,0,2,5,7,VEH-OFF-02.png,VEH-OFF-00.png,VEH-OFF-05.png,VEH-OFF-09.png,1.0,0.848325,0.49129999999999996,0.16145,"[1.0, 0.9477, 0.9149, 0.6486, 0.5585, 0.4241, 0.2348, 0.137, 0.0549, 0.0]","['VEH-OFF-02.png', 'VEH-OFF-01.png', 'VEH-OFF-00.png', 'VEH-OFF-03.png', 'VEH-OFF-04.png', 'VEH-OFF-05.png', 'VEH-OFF-06.png', 'VEH-OFF-09.png', 'VEH-OFF-07.png', 'VEH-OFF-08.png']","['02', '01', '00', '03', '04', '05', '06', '09', '07', '08']","[0.05230000000000001, 0.03279999999999994, 0.2663000000000001, 0.09009999999999996, 0.13440000000000002, 0.18929999999999997, 0.0978, 0.0821, 0.0549]","[25, 50, 75]",[],[],['VEH-OFF-02.png' 'VEH-OFF-00.png' 'VEH-OFF-05.png' 'VEH-OFF-09.png'],96.26168224299066,3.7383177570093453,VEH-OFF-T00.png,VEH-OFF-D01.png,VEH-OFF-D02.png,VEH-OFF-D03.png
104,landscape_element,grassland_monolith,0,2,4,7,LAN-GRA-01.png,LAN-GRA-02.png,LAN-GRA-09.png,LAN-GRA-06.png,1.0,0.869075,0.49785,0.11270000000000001,"[1.0, 1.0, 0.9172, 0.7247, 0.5943, 0.4014, 0.2936, 0.0524, 0.0511, 0.0]","['LAN-GRA-01.png', 'LAN-GRA-00.png', 'LAN-GRA-02.png', 'LAN-GRA-03.png', 'LAN-GRA-09.png', 'LAN-GRA-08.png', 'LAN-GRA-04.png', 'LAN-GRA-06.png', 'LAN-GRA-07.png', 'LAN-GRA-05.png']","['01', '00', '02', '03', '09', '08', '04', '06', '07', '05']","[0.0, 0.08279999999999998, 0.1925, 0.13039999999999996, 0.19290000000000007, 0.10779999999999995, 0.24120000000000003, 0.0013000000000000025, 0.0511]","[25, 50, 75]",[],[],['LAN-GRA-01.png' 'LAN-GRA-02.png' 'LAN-GRA-09.png' 'LAN-GRA-06.png'],97.19626168224299,2.803738317757009,LAN-GRA-T00.png,LAN-GRA-D01.png,LAN-GRA-D02.png,LAN-GRA-D03.png
105,plant,birch,0,2,4,7,PLA-BIR-04.png,PLA-BIR-01.png,PLA-BIR-00.png,PLA-BIR-08.png,1.0,0.8173,0.7034,0.19205,"[1.0, 0.8815, 0.8173, 0.8173, 0.8147, 0.5921, 0.3311, 0.1457, 0.068, 0.0]","['PLA-BIR-04.png', 'PLA-BIR-03.png', 'PLA-BIR-01.png', 'PLA-BIR-02.png', 'PLA-BIR-00.png', 'PLA-BIR-05.png', 'PLA-BIR-06.png', 'PLA-BIR-08.png', 'PLA-BIR-07.png', 'PLA-BIR-09.png']","['04', '03', '01', '02', '00', '05', '06', '08', '07', '09']","[0.11850000000000005, 0.06419999999999992, 0.0, 0.0026000000000000467, 0.22260000000000002, 0.26099999999999995, 0.1854, 0.07769999999999999, 0.068]","[25, 50, 75]",[],[],['PLA-BIR-04.png' 'PLA-BIR-01.png' 'PLA-BIR-00.png' 'PLA-BIR-08.png'],98.13084112149532,1.8691588785046727,PLA-BIR-T00.png,PLA-BIR-D01.png,PLA-BIR-D02.png,PLA-BIR-D03.png
106,animal,beaver,0,2,4,7,ANI-BEA-01.png,ANI-BEA-00.png,ANI-BEA-04.png,ANI-BEA-07.png,1.0,0.776025,0.4718,0.35472499999999996,"[1.0, 0.8554, 0.8195, 0.6456, 0.4718, 0.4718, 0.4718, 0.3157, 0.1806, 0.0]","['ANI-BEA-01.png', 'ANI-BEA-02.png', 'ANI-BEA-00.png', 'ANI-BEA-03.png', 'ANI-BEA-04.png', 'ANI-BEA-05.png', 'ANI-BEA-06.png', 'ANI-BEA-07.png', 'ANI-BEA-09.png', 'ANI-BEA-08.png']","['01', '02', '00', '03', '04', '05', '06', '07', '09', '08']","[0.14459999999999995, 0.03590000000000004, 0.17390000000000005, 0.17379999999999995, 0.0, 0.0, 0.15610000000000002, 0.13509999999999997, 0.1806]","[25, 50, 75]",[],[],['ANI-BEA-01.png' 'ANI-BEA-00.png' 'ANI-BEA-04.png' 'ANI-BEA-07.png'],99.06542056074767,0.9345794392523363,ANI-BEA-T00.png,ANI-BEA-D01.png,ANI-BEA-D02.png,ANI-BEA-D03.png
107,animal,elephant,0,2,5,7,ANI-ELE-08.png,ANI-ELE-00.png,ANI-ELE-04.png,ANI-ELE-05.png,1.0,0.58565,0.20925,0.0865,"[1.0, 0.9686, 0.6021, 0.5363, 0.2245, 0.194, 0.1336, 0.0708, 0.0233, 0.0]","['ANI-ELE-08.png', 'ANI-ELE-09.png', 'ANI-ELE-00.png', 'ANI-ELE-01.png', 'ANI-ELE-02.png', 'ANI-ELE-04.png', 'ANI-ELE-03.png', 'ANI-ELE-05.png', 'ANI-ELE-06.png', 'ANI-ELE-07.png']","['08', '09', '00', '01', '02', '04', '03', '05', '06', '07']","[0.031399999999999983, 0.36650000000000005, 0.06579999999999997, 0.31179999999999997, 0.0305, 0.06040000000000001, 0.0628, 0.0475, 0.0233]","[25, 50, 75]","['between 1 and 2', 'between 3 and 4']","[(1, 2), (3, 4)]",['ANI-ELE-08.png' 'ANI-ELE-00.png' 'ANI-ELE-04.png' 'ANI-ELE-05.png'],100.0,0.0,ANI-ELE-T00.png,ANI-ELE-D01.png,ANI-ELE-D02.png,ANI-ELE-D03.png
